SampleID,SampleNumber,PrimerNumber,BarcodeSequence,SoilSampling,Replication,CropCycle,CropCycle2,Crop,Soil,CropSoil,CycleSoil,Cycle,StudyID,StudyID2
Fun.1.H.A.K,19,211,GTGACTCTAGTAGCGT,Harvesting,A,C1,C1c,Mustard_cabbage,Cultivated,Kaichoy_cultivated,C1_cultivated,1,1,5
Fun.1.H.A.L,17,209,TATAGTAGAGTAGCGT,Harvesting,A,C1,C1c,Lettuce,Cultivated,Lettuce_cultivated,C1_cultivated,1,5,13
Fun.1.H.A.M,18,210,TAGTAACGAGTAGCGT,Harvesting,A,C1,C1c,Maize,Cultivated,Maize_cultivated,C1_cultivated,1,9,21
Fun.1.H.B.K,21,213,CGAGACGTAGTAGCGT,Harvesting,B,C1,C1c,Mustard_cabbage,Cultivated,Kaichoy_cultivated,C1_cultivated,1,2,6
Fun.1.H.B.L,24,216,TATCTGACAGTAGCGT,Harvesting,B,C1,C1c,Lettuce,Cultivated,Lettuce_cultivated,C1_cultivated,1,6,14
Fun.1.H.B.M,22,214,CTCGTCGAAGTAGCGT,Harvesting,B,C1,C1c,Maize,Cultivated,Maize_cultivated,C1_cultivated,1,10,22
Fun.1.H.C.K,28,220,GTCTCGTACAGTGAGT,Harvesting,C,C1,C1c,Mustard_cabbage,Cultivated,Kaichoy_cultivated,C1_cultivated,1,3,7
Fun.1.H.C.L,25,217,TATAGTAGCAGTGAGT,Harvesting,C,C1,C1c,Lettuce,Cultivated,Lettuce_cultivated,C1_cultivated,1,7,15
Fun.1.H.C.M,26,218,TAGTAACGCAGTGAGT,Harvesting,C,C1,C1c,Maize,Cultivated,Maize_cultivated,C1_cultivated,1,11,23
Fun.1.H.D.K,29,221,CGAGACGTCAGTGAGT,Harvesting,D,C1,C1c,Mustard_cabbage,Cultivated,Kaichoy_cultivated,C1_cultivated,1,4,8
Fun.1.H.D.L,31,223,ACACGATCCAGTGAGT,Harvesting,D,C1,C1c,Lettuce,Cultivated,Lettuce_cultivated,C1_cultivated,1,8,16
Fun.1.H.D.M,32,224,TATCTGACCAGTGAGT,Harvesting,D,C1,C1c,Maize,Cultivated,Maize_cultivated,C1_cultivated,1,12,24
Fun.1.P.A.K,3,195,GTGACTCTAACTCTCG,Planting,A,C1,C1uc,Mustard_cabbage,Uncultivated,Kaichoy_uncultivated,C1_uncultivated,1,1,1
Fun.1.P.A.L,1,193,TATAGTAGAACTCTCG,Planting,A,C1,C1uc,Lettuce,Uncultivated,Lettuce_uncultivated,C1_uncultivated,1,5,9
Fun.1.P.A.M,2,194,TAGTAACGAACTCTCG,Planting,A,C1,C1uc,Maize,Uncultivated,Maize_uncultivated,C1_uncultivated,1,9,17
Fun.1.P.B.K,5,197,CGAGACGTAACTCTCG,Planting,B,C1,C1uc,Mustard_cabbage,Uncultivated,Kaichoy_uncultivated,C1_uncultivated,1,2,2
Fun.1.P.B.L,8,200,TATCTGACAACTCTCG,Planting,B,C1,C1uc,Lettuce,Uncultivated,Lettuce_uncultivated,C1_uncultivated,1,6,10
Fun.1.P.B.M,6,198,CTCGTCGAAACTCTCG,Planting,B,C1,C1uc,Maize,Uncultivated,Maize_uncultivated,C1_uncultivated,1,10,18
Fun.1.P.C.K,12,204,GTCTCGTAACTATGTC,Planting,C,C1,C1uc,Mustard_cabbage,Uncultivated,Kaichoy_uncultivated,C1_uncultivated,1,3,3
Fun.1.P.C.L,9,201,TATAGTAGACTATGTC,Planting,C,C1,C1uc,Lettuce,Uncultivated,Lettuce_uncultivated,C1_uncultivated,1,7,11
Fun.1.P.C.M,10,202,TAGTAACGACTATGTC,Planting,C,C1,C1uc,Maize,Uncultivated,Maize_uncultivated,C1_uncultivated,1,11,19
Fun.1.P.D.K,13,205,CGAGACGTACTATGTC,Planting,D,C1,C1uc,Mustard_cabbage,Uncultivated,Kaichoy_uncultivated,C1_uncultivated,1,4,4
Fun.1.P.D.L,15,207,ACACGATCACTATGTC,Planting,D,C1,C1uc,Lettuce,Uncultivated,Lettuce_uncultivated,C1_uncultivated,1,8,12
Fun.1.P.D.M,16,208,TATCTGACACTATGTC,Planting,D,C1,C1uc,Maize,Uncultivated,Maize_uncultivated,C1_uncultivated,1,12,20
Fun.2.H.A.K,51,243,GTGACTCTGGAGACTA,Harvesting,A,C2,C2c,Mustard_cabbage,Cultivated,Kaichoy_cultivated,C2_cultivated,2,1,5
Fun.2.H.A.L,49,241,TATAGTAGGGAGACTA,Harvesting,A,C2,C2c,Lettuce,Cultivated,Lettuce_cultivated,C2_cultivated,2,5,13
Fun.2.H.A.M,50,242,TAGTAACGGGAGACTA,Harvesting,A,C2,C2c,Maize,Cultivated,Maize_cultivated,C2_cultivated,2,9,21
Fun.2.H.B.K,53,245,CGAGACGTGGAGACTA,Harvesting,B,C2,C2c,Mustard_cabbage,Cultivated,Kaichoy_cultivated,C2_cultivated,2,2,6
Fun.2.H.B.L,56,248,TATCTGACGGAGACTA,Harvesting,B,C2,C2c,Lettuce,Cultivated,Lettuce_cultivated,C2_cultivated,2,6,14
Fun.2.H.B.M,54,246,CTCGTCGAGGAGACTA,Harvesting,B,C2,C2c,Maize,Cultivated,Maize_cultivated,C2_cultivated,2,10,22
Fun.2.H.C.K,60,252,GTCTCGTAGTCGCTCG,Harvesting,C,C2,C2c,Mustard_cabbage,Cultivated,Kaichoy_cultivated,C2_cultivated,2,3,7
Fun.2.H.C.L,57,249,TATAGTAGGTCGCTCG,Harvesting,C,C2,C2c,Lettuce,Cultivated,Lettuce_cultivated,C2_cultivated,2,7,15
Fun.2.H.C.M,58,250,TAGTAACGGTCGCTCG,Harvesting,C,C2,C2c,Maize,Cultivated,Maize_cultivated,C2_cultivated,2,11,23
Fun.2.H.D.K,61,253,CGAGACGTGTCGCTCG,Harvesting,D,C2,C2c,Mustard_cabbage,Cultivated,Kaichoy_cultivated,C2_cultivated,2,4,8
Fun.2.H.D.L,63,255,ACACGATCGTCGCTCG,Harvesting,D,C2,C2c,Lettuce,Cultivated,Lettuce_cultivated,C2_cultivated,2,8,16
Fun.2.H.D.M,64,256,TATCTGACGTCGCTCG,Harvesting,D,C2,C2c,Maize,Cultivated,Maize_cultivated,C2_cultivated,2,12,24
Fun.2.P.A.K,35,227,GTGACTCTCGTACTCA,Planting,A,C2,C2uc,Mustard_cabbage,Uncultivated,Kaichoy_uncultivated,C2_uncultivated,2,1,1
Fun.2.P.A.L,33,225,TATAGTAGCGTACTCA,Planting,A,C2,C2uc,Lettuce,Uncultivated,Lettuce_uncultivated,C2_uncultivated,2,5,9
Fun.2.P.A.M,34,226,TAGTAACGCGTACTCA,Planting,A,C2,C2uc,Maize,Uncultivated,Maize_uncultivated,C2_uncultivated,2,9,17
Fun.2.P.B.K,37,229,CGAGACGTCGTACTCA,Planting,B,C2,C2uc,Mustard_cabbage,Uncultivated,Kaichoy_uncultivated,C2_uncultivated,2,2,2
Fun.2.P.B.L,40,232,TATCTGACCGTACTCA,Planting,B,C2,C2uc,Lettuce,Uncultivated,Lettuce_uncultivated,C2_uncultivated,2,6,10
Fun.2.P.B.M,38,230,CTCGTCGACGTACTCA,Planting,B,C2,C2uc,Maize,Uncultivated,Maize_uncultivated,C2_uncultivated,2,10,18
Fun.2.P.C.K,44,236,GTCTCGTACTACGCAG,Planting,C,C2,C2uc,Mustard_cabbage,Uncultivated,Kaichoy_uncultivated,C2_uncultivated,2,3,3
Fun.2.P.C.L,41,233,TATAGTAGCTACGCAG,Planting,C,C2,C2uc,Lettuce,Uncultivated,Lettuce_uncultivated,C2_uncultivated,2,7,11
Fun.2.P.C.M,42,234,TAGTAACGCTACGCAG,Planting,C,C2,C2uc,Maize,Uncultivated,Maize_uncultivated,C2_uncultivated,2,11,19
Fun.2.P.D.K,45,237,CGAGACGTCTACGCAG,Planting,D,C2,C2uc,Mustard_cabbage,Uncultivated,Kaichoy_uncultivated,C2_uncultivated,2,4,4
Fun.2.P.D.L,47,239,ACACGATCCTACGCAG,Planting,D,C2,C2uc,Lettuce,Uncultivated,Lettuce_uncultivated,C2_uncultivated,2,8,12
Fun.2.P.D.M,48,240,TATCTGACCTACGCAG,Planting,D,C2,C2uc,Maize,Uncultivated,Maize_uncultivated,C2_uncultivated,2,12,20
Fun.3.H.A.K,83,3,ACTCGCTAAACTCTCG,Harvesting,A,C3,C3c,Mustard_cabbage,Cultivated,Kaichoy_cultivated,C3_cultivated,3,1,5
Fun.3.H.A.L,81,1,CGTACGATAACTCTCG,Harvesting,A,C3,C3c,Lettuce,Cultivated,Lettuce_cultivated,C3_cultivated,3,5,13
Fun.3.H.A.M,82,2,CAGATAGTAACTCTCG,Harvesting,A,C3,C3c,Maize,Cultivated,Maize_cultivated,C3_cultivated,3,9,21
Fun.3.H.B.K,85,5,CTCGATGAAACTCTCG,Harvesting,B,C3,C3c,Mustard_cabbage,Cultivated,Kaichoy_cultivated,C3_cultivated,3,2,6
Fun.3.H.B.L,88,8,ACGGTGTCAACTCTCG,Harvesting,B,C3,C3c,Lettuce,Cultivated,Lettuce_cultivated,C3_cultivated,3,6,14
Fun.3.H.B.M,86,6,CACTCACGAACTCTCG,Harvesting,B,C3,C3c,Maize,Cultivated,Maize_cultivated,C3_cultivated,3,10,22
Fun.3.H.C.K,92,12,ACACGCAGACTATGTC,Harvesting,C,C3,C3c,Mustard_cabbage,Cultivated,Kaichoy_cultivated,C3_cultivated,3,3,7
Fun.3.H.C.L,89,9,CGTACGATACTATGTC,Harvesting,C,C3,C3c,Lettuce,Cultivated,Lettuce_cultivated,C3_cultivated,3,7,15
Fun.3.H.C.M,90,10,CAGATAGTACTATGTC,Harvesting,C,C3,C3c,Maize,Cultivated,Maize_cultivated,C3_cultivated,3,11,23
Fun.3.H.D.K,93,13,CTCGATGAACTATGTC,Harvesting,D,C3,C3c,Mustard_cabbage,Cultivated,Kaichoy_cultivated,C3_cultivated,3,4,8
Fun.3.H.D.L,95,15,AGATATCCACTATGTC,Harvesting,D,C3,C3c,Lettuce,Cultivated,Lettuce_cultivated,C3_cultivated,3,8,16
Fun.3.H.D.M,96,16,ACGGTGTCACTATGTC,Harvesting,D,C3,C3c,Maize,Cultivated,Maize_cultivated,C3_cultivated,3,12,24
Fun.3.P.A.K,67,259,GTGACTCTGTCGTAGT,Planting,A,C3,C3uc,Mustard_cabbage,Uncultivated,Kaichoy_uncultivated,C3_uncultivated,3,1,1
Fun.3.P.A.L,65,257,TATAGTAGGTCGTAGT,Planting,A,C3,C3uc,Lettuce,Uncultivated,Lettuce_uncultivated,C3_uncultivated,3,5,9
Fun.3.P.A.M,66,258,TAGTAACGGTCGTAGT,Planting,A,C3,C3uc,Maize,Uncultivated,Maize_uncultivated,C3_uncultivated,3,9,17
Fun.3.P.B.K,69,261,CGAGACGTGTCGTAGT,Planting,B,C3,C3uc,Mustard_cabbage,Uncultivated,Kaichoy_uncultivated,C3_uncultivated,3,2,2
Fun.3.P.B.L,72,264,TATCTGACGTCGTAGT,Planting,B,C3,C3uc,Lettuce,Uncultivated,Lettuce_uncultivated,C3_uncultivated,3,6,10
Fun.3.P.B.M,70,262,CTCGTCGAGTCGTAGT,Planting,B,C3,C3uc,Maize,Uncultivated,Maize_uncultivated,C3_uncultivated,3,10,18
Fun.3.P.C.K,76,268,GTCTCGTATAGCAGAC,Planting,C,C3,C3uc,Mustard_cabbage,Uncultivated,Kaichoy_uncultivated,C3_uncultivated,3,3,3
Fun.3.P.C.L,73,265,TATAGTAGTAGCAGAC,Planting,C,C3,C3uc,Lettuce,Uncultivated,Lettuce_uncultivated,C3_uncultivated,3,7,11
Fun.3.P.C.M,74,266,TAGTAACGTAGCAGAC,Planting,C,C3,C3uc,Maize,Uncultivated,Maize_uncultivated,C3_uncultivated,3,11,19
Fun.3.P.D.K,77,269,CGAGACGTTAGCAGAC,Planting,D,C3,C3uc,Mustard_cabbage,Uncultivated,Kaichoy_uncultivated,C3_uncultivated,3,4,4
Fun.3.P.D.L,79,271,ACACGATCTAGCAGAC,Planting,D,C3,C3uc,Lettuce,Uncultivated,Lettuce_uncultivated,C3_uncultivated,3,8,12
Fun.3.P.D.M,80,272,TATCTGACTAGCAGAC,Planting,D,C3,C3uc,Maize,Uncultivated,Maize_uncultivated,C3_uncultivated,3,12,20