SampleID,S.N.,Gene,BarcodeSequence,LinkerPrimerSequence,CropCycle,SoilSamplingStage,SoilSamplingTimepoint,Replication,Crop,PrimerSet,PrimerNumber,observed_otus,faith_pd,shannon
Bac.1.H.A.K,19,Bacteria,ACTCGCTAAGCTGCTA,NA,First,Cultivated soil,Two,A,Mustard cabbage,2,115,338,38.37526508,7.975145543
Bac.1.H.A.L,17,Bacteria,CGTACGATAGCTGCTA,NA,First,Cultivated soil,Two,A,Lettuce,2,113,359,38.23283367,8.092944375
Bac.1.H.A.M,18,Bacteria,CAGATAGTAGCTGCTA,NA,First,Cultivated soil,Two,A,Maize,2,114,338,33.71508141,7.935966652
Bac.1.H.B.K,21,Bacteria,CTCGATGAAGCTGCTA,NA,First,Cultivated soil,Two,B,Mustard cabbage,2,117,411,41.73316879,8.299598228
Bac.1.H.B.L,24,Bacteria,ACGGTGTCAGCTGCTA,NA,First,Cultivated soil,Two,B,Lettuce,2,120,369,37.67273868,8.102151529
Bac.1.H.B.M,22,Bacteria,CACTCACGAGCTGCTA,NA,First,Cultivated soil,Two,B,Maize,2,118,338,35.30065081,7.965157261
Bac.1.H.C.K,28,Bacteria,ACACGCAGCATAGAGA,NA,First,Cultivated soil,Two,C,Mustard cabbage,2,124,391,37.40681464,8.241089037
Bac.1.H.C.L,25,Bacteria,CGTACGATCATAGAGA,NA,First,Cultivated soil,Two,C,Lettuce,2,121,415,42.28997314,8.312519242
Bac.1.H.C.M,26,Bacteria,CAGATAGTCATAGAGA,NA,First,Cultivated soil,Two,C,Maize,2,122,398,43.1009116,8.200155441
Bac.1.H.D.K,29,Bacteria,CTCGATGACATAGAGA,NA,First,Cultivated soil,Two,D,Mustard cabbage,2,125,878,53.35733015,9.414392721
Bac.1.H.D.L,31,Bacteria,AGATATCCCATAGAGA,NA,First,Cultivated soil,Two,D,Lettuce,2,127,807,56.22135817,9.308429108
Bac.1.H.D.M,32,Bacteria,ACGGTGTCCATAGAGA,NA,First,Cultivated soil,Two,D,Maize,2,128,778,54.91822036,9.234920798
Bac.1.P.A.K,3,Bacteria,ACTCGCTAAAGTCGAG,NA,First,Fallow soil,One,A,Mustard cabbage,2,99,230,24.93962086,7.377562429
Bac.1.P.A.L,1,Bacteria,CGTACGATAAGTCGAG,NA,First,Fallow soil,One,A,Lettuce,2,97,295,25.80436608,7.767469646
Bac.1.P.A.M,2,Bacteria,CAGATAGTAAGTCGAG,NA,First,Fallow soil,One,A,Maize,2,98,453,37.49644038,8.409420358
Bac.1.P.B.K,5,Bacteria,CTCGATGAAAGTCGAG,NA,First,Fallow soil,One,B,Mustard cabbage,2,101,287,30.23942577,7.750185596
Bac.1.P.B.L,8,Bacteria,ACGGTGTCAAGTCGAG,NA,First,Fallow soil,One,B,Lettuce,2,104,265,27.79870182,7.54116613
Bac.1.P.B.M,6,Bacteria,CACTCACGAAGTCGAG,NA,First,Fallow soil,One,B,Maize,2,102,247,25.70512758,7.549735252
Bac.1.P.C.K,12,Bacteria,ACACGCAGATACTTCG,NA,First,Fallow soil,One,C,Mustard cabbage,2,108,303,29.16064695,7.825861972
Bac.1.P.C.L,9,Bacteria,CGTACGATATACTTCG,NA,First,Fallow soil,One,C,Lettuce,2,105,349,31.6564904,8.032619385
Bac.1.P.C.M,10,Bacteria,CAGATAGTATACTTCG,NA,First,Fallow soil,One,C,Maize,2,106,318,31.86700159,7.810838582
Bac.1.P.D.K,13,Bacteria,CTCGATGAATACTTCG,NA,First,Fallow soil,One,D,Mustard cabbage,2,109,307,29.97598179,7.845714895
Bac.1.P.D.L,15,Bacteria,AGATATCCATACTTCG,NA,First,Fallow soil,One,D,Lettuce,2,111,298,27.9484088,7.781380238
Bac.1.P.D.M,16,Bacteria,ACGGTGTCATACTTCG,NA,First,Fallow soil,One,D,Maize,2,112,250,29.7368107,7.583996408
Bac.2.H.A.K,51,Bacteria,ACTCGCTAGCGCACGT,NA,Second,Cultivated soil,Four,A,Mustard cabbage,2,147,364,42.17477154,8.102338826
Bac.2.H.A.L,49,Bacteria,CGTACGATGCGCACGT,NA,Second,Cultivated soil,Four,A,Lettuce,2,145,319,35.51527816,7.892431948
Bac.2.H.A.M,50,Bacteria,CAGATAGTGCGCACGT,NA,Second,Cultivated soil,Four,A,Maize,2,146,342,39.95975437,7.975458407
Bac.2.H.B.K,53,Bacteria,CTCGATGAGCGCACGT,NA,Second,Cultivated soil,Four,B,Mustard cabbage,2,149,309,33.423581,7.810536964
Bac.2.H.B.L,56,Bacteria,ACGGTGTCGCGCACGT,NA,Second,Cultivated soil,Four,B,Lettuce,2,152,282,30.73469049,7.732227085
Bac.2.H.B.M,54,Bacteria,CACTCACGGCGCACGT,NA,Second,Cultivated soil,Four,B,Maize,2,150,284,31.75229399,7.777796208
Bac.2.H.C.K,60,Bacteria,ACACGCAGGGTACTAT,NA,Second,Cultivated soil,Four,C,Mustard cabbage,2,156,271,30.13923874,7.706874492
Bac.2.H.C.L,57,Bacteria,CGTACGATGGTACTAT,NA,Second,Cultivated soil,Four,C,Lettuce,2,153,391,37.05577005,8.228231941
Bac.2.H.C.M,58,Bacteria,CAGATAGTGGTACTAT,NA,Second,Cultivated soil,Four,C,Maize,2,154,297,34.10160205,7.717004447
Bac.2.H.D.K,61,Bacteria,CTCGATGAGGTACTAT,NA,Second,Cultivated soil,Four,D,Mustard cabbage,2,157,373,38.13249217,8.165333767
Bac.2.H.D.L,63,Bacteria,AGATATCCGGTACTAT,NA,Second,Cultivated soil,Four,D,Lettuce,2,159,309,37.10434992,7.896462088
Bac.2.H.D.M,64,Bacteria,ACGGTGTCGGTACTAT,NA,Second,Cultivated soil,Four,D,Maize,2,160,298,38.57127529,7.761638117
Bac.2.P.A.K,35,Bacteria,ACTCGCTACGTAGATC,NA,Second,Fallow soil,Three,A,Mustard cabbage,2,131,286,31.1489773,7.775420283
Bac.2.P.A.L,33,Bacteria,CGTACGATCGTAGATC,NA,Second,Fallow soil,Three,A,Lettuce,2,129,264,28.91406141,7.642276214
Bac.2.P.A.M,34,Bacteria,CAGATAGTCGTAGATC,NA,Second,Fallow soil,Three,A,Maize,2,130,293,31.67168467,7.809978194
Bac.2.P.B.K,37,Bacteria,CTCGATGACGTAGATC,NA,Second,Fallow soil,Three,B,Mustard cabbage,2,133,276,28.68271252,7.645632906
Bac.2.P.B.L,40,Bacteria,ACGGTGTCCGTAGATC,NA,Second,Fallow soil,Three,B,Lettuce,2,136,154,22.63894581,6.875582418
Bac.2.P.B.M,38,Bacteria,CACTCACGCGTAGATC,NA,Second,Fallow soil,Three,B,Maize,2,134,317,37.14124347,7.955166144
Bac.2.P.C.K,44,Bacteria,ACACGCAGCTCGTTAC,NA,Second,Fallow soil,Three,C,Mustard cabbage,2,140,333,33.70090775,8.043003854
Bac.2.P.C.L,41,Bacteria,CGTACGATCTCGTTAC,NA,Second,Fallow soil,Three,C,Lettuce,2,137,185,24.22889588,7.093861818
Bac.2.P.C.M,42,Bacteria,CAGATAGTCTCGTTAC,NA,Second,Fallow soil,Three,C,Maize,2,138,309,33.9007011,7.850305117
Bac.2.P.D.K,45,Bacteria,CTCGATGACTCGTTAC,NA,Second,Fallow soil,Three,D,Mustard cabbage,2,141,354,35.4090871,8.073153876
Bac.2.P.D.L,47,Bacteria,AGATATCCCTCGTTAC,NA,Second,Fallow soil,Three,D,Lettuce,2,143,264,30.57229972,7.68176084
Bac.2.P.D.M,48,Bacteria,ACGGTGTCCTCGTTAC,NA,Second,Fallow soil,Three,D,Maize,2,144,230,26.65959473,7.431976942
Bac.3.H.A.K,83,Bacteria,ACTCGCTATCAGCGTT,NA,Third,Cultivated soil,Six,A,Mustard cabbage,2,179,323,39.75727309,7.953095206
Bac.3.H.A.L,81,Bacteria,CGTACGATTCAGCGTT,NA,Third,Cultivated soil,Six,A,Lettuce,2,177,179,24.89747391,6.990128303
Bac.3.H.A.M,82,Bacteria,CAGATAGTTCAGCGTT,NA,Third,Cultivated soil,Six,A,Maize,2,178,384,38.17574099,8.220283209
Bac.3.H.B.K,85,Bacteria,CTCGATGATCAGCGTT,NA,Third,Cultivated soil,Six,B,Mustard cabbage,2,181,180,26.20947554,7.076509296
Bac.3.H.B.L,88,Bacteria,ACGGTGTCTCAGCGTT,NA,Third,Cultivated soil,Six,B,Lettuce,2,184,251,32.34013058,7.548415779
Bac.3.H.B.M,86,Bacteria,CACTCACGTCAGCGTT,NA,Third,Cultivated soil,Six,B,Maize,2,182,219,27.8339833,7.335711989
Bac.3.H.C.K,92,Bacteria,ACACGCAGTCGCTACG,NA,Third,Cultivated soil,Six,C,Mustard cabbage,2,188,364,37.89254825,8.067464213
Bac.3.H.C.L,89,Bacteria,CGTACGATTCGCTACG,NA,Third,Cultivated soil,Six,C,Lettuce,2,185,313,33.16018128,7.873140666
Bac.3.H.C.M,90,Bacteria,CAGATAGTTCGCTACG,NA,Third,Cultivated soil,Six,C,Maize,2,186,334,36.51599313,7.92781657
Bac.3.H.D.K,93,Bacteria,CTCGATGATCGCTACG,NA,Third,Cultivated soil,Six,D,Mustard cabbage,2,189,294,30.70907978,7.826539344
Bac.3.H.D.L,95,Bacteria,AGATATCCTCGCTACG,NA,Third,Cultivated soil,Six,D,Lettuce,2,191,366,39.19289127,8.141631442
Bac.3.H.D.M,96,Bacteria,ACGGTGTCTCGCTACG,NA,Third,Cultivated soil,Six,D,Maize,2,192,283,35.72955726,7.729439089
Bac.3.P.A.K,67,Bacteria,ACTCGCTAGTATACGC,NA,Third,Fallow soil,Five,A,Mustard cabbage,2,163,261,32.50290071,7.502884555
Bac.3.P.A.L,65,Bacteria,CGTACGATGTATACGC,NA,Third,Fallow soil,Five,A,Lettuce,2,161,247,31.91441602,7.382672041
Bac.3.P.A.M,66,Bacteria,CAGATAGTGTATACGC,NA,Third,Fallow soil,Five,A,Maize,2,162,225,31.34352942,7.250453609
Bac.3.P.B.K,69,Bacteria,CTCGATGAGTATACGC,NA,Third,Fallow soil,Five,B,Mustard cabbage,2,165,207,28.29201798,7.219668425
Bac.3.P.B.L,72,Bacteria,ACGGTGTCGTATACGC,NA,Third,Fallow soil,Five,B,Lettuce,2,168,240,29.74557704,7.49860976
Bac.3.P.B.M,70,Bacteria,CACTCACGGTATACGC,NA,Third,Fallow soil,Five,B,Maize,2,166,264,31.60069185,7.553646828
Bac.3.P.C.K,76,Bacteria,ACACGCAGTACGAGCA,NA,Third,Fallow soil,Five,C,Mustard cabbage,2,172,356,37.28758914,8.09994552
Bac.3.P.C.L,73,Bacteria,CGTACGATTACGAGCA,NA,Third,Fallow soil,Five,C,Lettuce,2,169,333,37.6395661,7.962186865
Bac.3.P.C.M,74,Bacteria,CAGATAGTTACGAGCA,NA,Third,Fallow soil,Five,C,Maize,2,170,367,42.53295613,8.066498286
Bac.3.P.D.K,77,Bacteria,CTCGATGATACGAGCA,NA,Third,Fallow soil,Five,D,Mustard cabbage,2,173,386,37.11547767,8.249682978
Bac.3.P.D.L,79,Bacteria,AGATATCCTACGAGCA,NA,Third,Fallow soil,Five,D,Lettuce,2,175,310,35.17774739,7.833359004
Bac.3.P.D.M,80,Bacteria,ACGGTGTCTACGAGCA,NA,Third,Fallow soil,Five,D,Maize,2,176,269,36.06793988,7.539003095