OTUID,taxonomy,Kingdom,Phylum,Class,Order,Family,Genus,Species
00000858f032f297514fb358751ad523,k__Fungi; p__Ascomycota; c__Eurotiomycetes; o__Chaetothyriales; f__Cyphellophoraceae; g__Cyphellophora,Fungi,Ascomycota,Eurotiomycetes,Chaetothyriales,Cyphellophoraceae,Cyphellophora,
00acb4e98ab7c6dde24f079f177baba2,k__Fungi; p__Chytridiomycota; c__Rhizophlyctidomycetes; o__Rhizophlyctidales; f__Rhizophlyctidaceae; g__Rhizophlyctis; s__Rhizophlyctis_rosea,Fungi,Chytridiomycota,Rhizophlyctidomycetes,Rhizophlyctidales,Rhizophlyctidaceae,Rhizophlyctis,Rhizophlyctis_rosea
02d5e2c3ab8646775b4857bec3f18801,k__Fungi; p__Mortierellomycota; c__Mortierellomycetes; o__Mortierellales; f__Mortierellaceae; g__Mortierella; s__Mortierella_oligospora,Fungi,Mortierellomycota,Mortierellomycetes,Mortierellales,Mortierellaceae,Mortierella,Mortierella_oligospora
02e852a86d1ffa13e7668477cc9298d5,k__Fungi; p__Ascomycota; c__Sordariomycetes; o__Branch06; f__unidentified; g__unidentified; s__unidentified,Fungi,Ascomycota,Sordariomycetes,Branch06,unidentified,unidentified,unidentified
02f54b2bc472d40a9d9cfd05c9a1f341,k__Fungi; p__Basidiomycota; c__Agaricomycetes; o__Polyporales; f__Meruliaceae; g__Phlebia; s__Phlebia_brevispora,Fungi,Basidiomycota,Agaricomycetes,Polyporales,Meruliaceae,Phlebia,Phlebia_brevispora
03107b945828d6c604dd9504ffcaaaea,k__Fungi,Fungi,,,,,,
03bf83f602a69ec63a378109a6549080,k__Fungi; p__Ascomycota; c__Dothideomycetes; o__Pleosporales; f__Didymosphaeriaceae; g__Pseudopithomyces; s__Pseudopithomyces_chartarum,Fungi,Ascomycota,Dothideomycetes,Pleosporales,Didymosphaeriaceae,Pseudopithomyces,Pseudopithomyces_chartarum
0476744dc61311448fc3232ff75d65b4,k__Fungi; p__Basidiomycota; c__Agaricomycetes; o__Agaricales; f__Psathyrellaceae; g__Psathyrella; s__Psathyrella_kellermanii,Fungi,Basidiomycota,Agaricomycetes,Agaricales,Psathyrellaceae,Psathyrella,Psathyrella_kellermanii
0485cc7a8538429a6a9ab09ac69c227a,k__Fungi; p__Kickxellomycota; c__Kickxellomycetes; o__Kickxellales; f__Kickxellaceae; g__Ramicandelaber; s__unidentified,Fungi,Kickxellomycota,Kickxellomycetes,Kickxellales,Kickxellaceae,Ramicandelaber,unidentified
0549da99bf9dde55dc1c6f196f97f27d,k__Fungi; p__Mucoromycota; c__Mucoromycetes; o__Mucorales; f__Lichtheimiaceae; g__Lichtheimia; s__Lichtheimia_corymbifera,Fungi,Mucoromycota,Mucoromycetes,Mucorales,Lichtheimiaceae,Lichtheimia,Lichtheimia_corymbifera
06820105dc53c361df3f67c5aaa82d05,k__Fungi; p__Basidiomycota; c__Agaricomycetes; o__Agaricales; f__Pluteaceae; g__Pluteus; s__Pluteus_septocystidiatus,Fungi,Basidiomycota,Agaricomycetes,Agaricales,Pluteaceae,Pluteus,Pluteus_septocystidiatus
0813e994177d1becd3608e9d3e7a2161,k__Fungi; p__Basidiomycota; c__Agaricomycetes; o__Agaricales,Fungi,Basidiomycota,Agaricomycetes,Agaricales,,,
0ad3a6d9e276031762ab8ec2c6080f23,k__Fungi; p__Basidiomycota; c__Agaricomycetes; o__Agaricales; f__Cyphellaceae; g__unidentified; s__unidentified,Fungi,Basidiomycota,Agaricomycetes,Agaricales,Cyphellaceae,unidentified,unidentified
0d00ff1c2a9377ceb8b2ba5c5e3a6c68,k__Fungi; p__Ascomycota; c__Eurotiomycetes; o__Eurotiales,Fungi,Ascomycota,Eurotiomycetes,Eurotiales,,,
0d530568575b8eb5bdebff099e6a2167,k__Fungi; p__Ascomycota; c__Eurotiomycetes; o__Chaetothyriales; f__unidentified; g__unidentified; s__unidentified,Fungi,Ascomycota,Eurotiomycetes,Chaetothyriales,unidentified,unidentified,unidentified
0e253017cf788eb5dfe380d4853fb037,k__Fungi,Fungi,,,,,,
0e6ffc2931b99a665f9299bd9f696474,k__Fungi; p__Chytridiomycota; c__Rhizophlyctidomycetes; o__Rhizophlyctidales; f__Rhizophlyctidaceae; g__Rhizophlyctis; s__Rhizophlyctis_rosea,Fungi,Chytridiomycota,Rhizophlyctidomycetes,Rhizophlyctidales,Rhizophlyctidaceae,Rhizophlyctis,Rhizophlyctis_rosea
0f2d8c42419267e2c79c056f9c4d2c5d,k__Fungi; p__Ascomycota; c__Eurotiomycetes; o__Chaetothyriales; f__Cyphellophoraceae; g__Cyphellophora; s__Cyphellophora_fusarioides,Fungi,Ascomycota,Eurotiomycetes,Chaetothyriales,Cyphellophoraceae,Cyphellophora,Cyphellophora_fusarioides
0f80b09aea2ef8bd7915ef9002079dcf,k__Fungi; p__Ascomycota; c__Dothideomycetes; o__Pleosporales; f__Didymosphaeriaceae; g__Paraconiothyrium; s__Paraconiothyrium_cyclothyrioides,Fungi,Ascomycota,Dothideomycetes,Pleosporales,Didymosphaeriaceae,Paraconiothyrium,Paraconiothyrium_cyclothyrioides
0fea369df7a52bd37bcb9ee97ee2af0d,k__Fungi; p__Ascomycota; c__Sordariomycetes; o__Hypocreales; f__Hypocreales_fam_Incertae_sedis; g__Trichothecium; s__unidentified,Fungi,Ascomycota,Sordariomycetes,Hypocreales,Hypocreales_fam_Incertae_sedis,Trichothecium,unidentified
10280cdee9b8b74810f1a7550363c459,k__Fungi; p__Kickxellomycota; c__Kickxellomycetes; o__Kickxellales; f__Kickxellaceae; g__Ramicandelaber; s__unidentified,Fungi,Kickxellomycota,Kickxellomycetes,Kickxellales,Kickxellaceae,Ramicandelaber,unidentified
105209022769af4d9bf0d1fdca8cf4ab,k__Fungi; p__Basidiomycota; c__Agaricomycetes; o__Sebacinales; f__Serendipitaceae; g__unidentified; s__unidentified,Fungi,Basidiomycota,Agaricomycetes,Sebacinales,Serendipitaceae,unidentified,unidentified
119d5cb567796b206bb20eace652767e,k__Fungi; p__Basidiomycota; c__Agaricomycetes; o__Agaricales; f__Entolomataceae; g__Clitopilus; s__Clitopilus_hobsonii,Fungi,Basidiomycota,Agaricomycetes,Agaricales,Entolomataceae,Clitopilus,Clitopilus_hobsonii
12d21e420ff57752a11e77b33dbc5f98,k__Fungi; p__Ascomycota; c__Sordariomycetes; o__Xylariales; f__Xylariaceae; g__Biscogniauxia; s__unidentified,Fungi,Ascomycota,Sordariomycetes,Xylariales,Xylariaceae,Biscogniauxia,unidentified
133b350c9e677c88e3606a3f1e71caa7,k__Fungi; p__Basidiomycota; c__Agaricomycetes; o__Cantharellales; f__Botryobasidiaceae; g__unidentified; s__unidentified,Fungi,Basidiomycota,Agaricomycetes,Cantharellales,Botryobasidiaceae,unidentified,unidentified
13a825c92941de7677fb845c56eeb1e4,k__Fungi; p__Basidiomycota; c__Agaricomycetes; o__Trechisporales; f__Hydnodontaceae; g__Trechispora; s__unidentified,Fungi,Basidiomycota,Agaricomycetes,Trechisporales,Hydnodontaceae,Trechispora,unidentified
13d9a8e2c0308542efd66241c22912d0,k__Fungi; p__Ascomycota; c__Sordariomycetes; o__Hypocreales; f__Stachybotryaceae; g__Myrothecium; s__Myrothecium_cinctum,Fungi,Ascomycota,Sordariomycetes,Hypocreales,Stachybotryaceae,Myrothecium,Myrothecium_cinctum
140b20b0913e90c9a9ebfc7c0fdf1f9c,k__Fungi; p__Ascomycota; c__Eurotiomycetes; o__Chaetothyriales; f__Herpotrichiellaceae; g__Exophiala; s__Exophiala_cancerae,Fungi,Ascomycota,Eurotiomycetes,Chaetothyriales,Herpotrichiellaceae,Exophiala,Exophiala_cancerae
140de234b2d4539118fffd1db690164b,k__Fungi; p__Basidiomycota; c__Agaricomycetes; o__Agaricales; f__Agaricaceae; g__unidentified; s__unidentified,Fungi,Basidiomycota,Agaricomycetes,Agaricales,Agaricaceae,unidentified,unidentified
14c343430600b585adda29b0e5c95066,k__Fungi; p__Ascomycota; c__Eurotiomycetes; o__Eurotiales; f__Aspergillaceae; g__Aspergillus; s__Aspergillus_caelatus,Fungi,Ascomycota,Eurotiomycetes,Eurotiales,Aspergillaceae,Aspergillus,Aspergillus_caelatus
153a18be5d69a3b6ff7b6158aec790ff,k__Fungi; p__Ascomycota; c__Eurotiomycetes; o__Chaetothyriales; f__Herpotrichiellaceae; g__Cladophialophora; s__unidentified,Fungi,Ascomycota,Eurotiomycetes,Chaetothyriales,Herpotrichiellaceae,Cladophialophora,unidentified
15bdee36ad8291d91169a9b65b61bf9d,k__Fungi,Fungi,,,,,,
15be8533ee22e232e524760941f100d0,k__Fungi; p__Basidiomycota; c__Agaricomycetes; o__Cantharellales; f__Ceratobasidiaceae; g__Rhizoctonia; s__unidentified,Fungi,Basidiomycota,Agaricomycetes,Cantharellales,Ceratobasidiaceae,Rhizoctonia,unidentified
15c52904f9db39a046e06dec12ecbf61,k__Fungi; p__Ascomycota; c__Dothideomycetes; o__Pleosporales; f__Didymosphaeriaceae; g__Bimuria; s__Bimuria_novae-zelandiae,Fungi,Ascomycota,Dothideomycetes,Pleosporales,Didymosphaeriaceae,Bimuria,Bimuria_novae-zelandiae
1637ebc9cd092f81a7a41abe599409bc,k__Fungi; p__Basidiomycota; c__Agaricomycetes; o__Polyporales; f__Ganodermataceae; g__Perenniporia; s__Perenniporia_pyricola,Fungi,Basidiomycota,Agaricomycetes,Polyporales,Ganodermataceae,Perenniporia,Perenniporia_pyricola
16741307f285b81e2020dd04813ee968,k__Fungi; p__Ascomycota; c__Eurotiomycetes; o__Onygenales; f__Onygenales_fam_Incertae_sedis; g__Spiromastix; s__Spiromastix_warcupii,Fungi,Ascomycota,Eurotiomycetes,Onygenales,Onygenales_fam_Incertae_sedis,Spiromastix,Spiromastix_warcupii
16bc8fdf444008ed2c6904ee434c50ad,k__Fungi; p__Basidiomycota; c__Agaricomycetes; o__Agaricales; f__Entolomataceae; g__Entoloma,Fungi,Basidiomycota,Agaricomycetes,Agaricales,Entolomataceae,Entoloma,
17218163c684b0b4a4425bb9001530db,k__Fungi,Fungi,,,,,,
189b84c5b4dd7c32dfd1fc6a7dc9ca41,k__Fungi; p__Ascomycota; c__Dothideomycetes; o__Pleosporales; f__Cucurbitariaceae; g__Pyrenochaeta; s__unidentified,Fungi,Ascomycota,Dothideomycetes,Pleosporales,Cucurbitariaceae,Pyrenochaeta,unidentified
18b0046e3dfc95d9f4aac67c389f675b,k__Fungi; p__Ascomycota; c__Dothideomycetes; o__Pleosporales; f__Pleosporaceae; g__Curvularia; s__Curvularia_intermedia,Fungi,Ascomycota,Dothideomycetes,Pleosporales,Pleosporaceae,Curvularia,Curvularia_intermedia
191031bde9a720c8c389ce0632c40e50,k__Fungi; p__Mortierellomycota; c__Mortierellomycetes; o__Mortierellales; f__Mortierellaceae; g__Mortierella; s__Mortierella_capitata,Fungi,Mortierellomycota,Mortierellomycetes,Mortierellales,Mortierellaceae,Mortierella,Mortierella_capitata
1914750a612a8b6d84fad4144dd9ab81,k__Fungi; p__Basidiomycota; c__Agaricomycetes; o__Agaricales; f__Psathyrellaceae; g__Coprinellus,Fungi,Basidiomycota,Agaricomycetes,Agaricales,Psathyrellaceae,Coprinellus,
1a40e331fa5f854d6611d3c95c51e348,k__Fungi,Fungi,,,,,,
1a83d5875dc97011ca56ee0ff99be65b,k__Fungi; p__Basidiomycota; c__Agaricomycetes,Fungi,Basidiomycota,Agaricomycetes,,,,
1a941441c8692e4d4d8b949a9cc16e53,k__Fungi,Fungi,,,,,,
1b76ea2d0e12541cacde7ce62c35c188,k__Fungi; p__Basidiomycota; c__Agaricomycetes; o__Agaricales; f__Agaricaceae; g__Leucocoprinus; s__Leucocoprinus_cretaceus,Fungi,Basidiomycota,Agaricomycetes,Agaricales,Agaricaceae,Leucocoprinus,Leucocoprinus_cretaceus
1c29014063898a9a01aa2032b3645833,k__Fungi; p__Ascomycota; c__Eurotiomycetes; o__Eurotiales; f__Aspergillaceae; g__Aspergillus,Fungi,Ascomycota,Eurotiomycetes,Eurotiales,Aspergillaceae,Aspergillus,
1c3da56c9e466d54d69afc22225dd218,k__Fungi; p__Ascomycota; c__Eurotiomycetes; o__Chaetothyriales; f__unidentified; g__unidentified; s__unidentified,Fungi,Ascomycota,Eurotiomycetes,Chaetothyriales,unidentified,unidentified,unidentified
1c5e4731845db0d2e450200c783567cb,k__Fungi; p__Ascomycota; c__Eurotiomycetes; o__Eurotiales; f__Aspergillaceae; g__Aspergillus; s__Aspergillus_pseudoterreus,Fungi,Ascomycota,Eurotiomycetes,Eurotiales,Aspergillaceae,Aspergillus,Aspergillus_pseudoterreus
1ccfca9c8dc572afdb9c785517750bc3,k__Fungi; p__Ascomycota; c__Dothideomycetes; o__Pleosporales; f__Pleosporaceae; g__Bipolaris,Fungi,Ascomycota,Dothideomycetes,Pleosporales,Pleosporaceae,Bipolaris,
1cee583a39ff33689ed92e193360ce06,k__Fungi; p__Chytridiomycota; c__Spizellomycetes; o__Spizellomycetales; f__Spizellomycetaceae; g__Spizellomyces; s__Spizellomyces_acuminatus,Fungi,Chytridiomycota,Spizellomycetes,Spizellomycetales,Spizellomycetaceae,Spizellomyces,Spizellomyces_acuminatus
1d2cb25d7cfc77cfdacf3ad1fba30130,k__Fungi; p__Ascomycota; c__Dothideomycetes; o__Pleosporales; f__Pleosporales_fam_Incertae_sedis,Fungi,Ascomycota,Dothideomycetes,Pleosporales,Pleosporales_fam_Incertae_sedis,,
1f52d7985219fbb554e0857db000e588,k__Fungi; p__Basidiomycota; c__Agaricomycetes; o__Agaricales; f__Entolomataceae; g__Clitopilus; s__Clitopilus_hobsonii,Fungi,Basidiomycota,Agaricomycetes,Agaricales,Entolomataceae,Clitopilus,Clitopilus_hobsonii
1f64592d8c55e049e789f53c384abdcd,k__Fungi; p__Ascomycota; c__Sordariomycetes; o__Hypocreales; f__Hypocreaceae; g__Trichoderma,Fungi,Ascomycota,Sordariomycetes,Hypocreales,Hypocreaceae,Trichoderma,
1f6c92b4511246382ab95f9477d577fe,k__Fungi; p__Mucoromycota; c__Mucoromycetes; o__Mucorales; f__Cunninghamellaceae; g__Absidia; s__unidentified,Fungi,Mucoromycota,Mucoromycetes,Mucorales,Cunninghamellaceae,Absidia,unidentified
2045a8ae74f3538d059d6f29f0e1e8b0,k__Fungi; p__Basidiomycota; c__Agaricomycetes; o__Russulales; f__Peniophoraceae; g__Peniophora; s__Peniophora_albobadia,Fungi,Basidiomycota,Agaricomycetes,Russulales,Peniophoraceae,Peniophora,Peniophora_albobadia
206fb0a4ec12c21ea8ebb07fa1736cb8,k__Fungi; p__Ascomycota; c__Sordariomycetes; o__Sordariales; f__Sordariaceae; g__Neurospora; s__Neurospora_terricola,Fungi,Ascomycota,Sordariomycetes,Sordariales,Sordariaceae,Neurospora,Neurospora_terricola
2092f2886fa457c6674928bbf0227f7a,k__Fungi; p__Chytridiomycota; c__unidentified; o__unidentified; f__unidentified; g__unidentified; s__unidentified,Fungi,Chytridiomycota,unidentified,unidentified,unidentified,unidentified,unidentified
2111d28378a1e60a7b92658619aae498,k__Fungi; p__Ascomycota; c__Sordariomycetes; o__Pleurotheciales; f__Pleurotheciaceae; g__Phaeoisaria; s__Phaeoisaria_clematidis,Fungi,Ascomycota,Sordariomycetes,Pleurotheciales,Pleurotheciaceae,Phaeoisaria,Phaeoisaria_clematidis
213702fb7165eb8fc7c7ee193721d307,k__Fungi; p__Ascomycota; c__Orbiliomycetes; o__Orbiliales; f__Orbiliaceae,Fungi,Ascomycota,Orbiliomycetes,Orbiliales,Orbiliaceae,,
2161189ec3993871827e01d1dac07df2,k__Fungi; p__Basidiomycota; c__Agaricomycetes; o__Agaricales; f__Entolomataceae; g__Entoloma,Fungi,Basidiomycota,Agaricomycetes,Agaricales,Entolomataceae,Entoloma,
229381780fe1c085a9aed37b06edf32b,k__Fungi; p__Basidiomycota; c__Agaricomycetes,Fungi,Basidiomycota,Agaricomycetes,,,,
22e9cb30bb5e94e212844ed4a4e8df66,k__Fungi; p__Basidiomycota,Fungi,Basidiomycota,,,,,
22f41fce305ec0656f202998bf1cd1b0,k__Fungi; p__Ascomycota; c__Eurotiomycetes; o__Chaetothyriales; f__Cyphellophoraceae; g__Cyphellophora; s__Cyphellophora_suttonii,Fungi,Ascomycota,Eurotiomycetes,Chaetothyriales,Cyphellophoraceae,Cyphellophora,Cyphellophora_suttonii
23218cfe8a3e4eea24883e83b61aac22,k__Fungi; p__Zoopagomycota; c__Zoopagomycetes; o__Zoopagales; f__Piptocephalidaceae; g__Syncephalis; s__unidentified,Fungi,Zoopagomycota,Zoopagomycetes,Zoopagales,Piptocephalidaceae,Syncephalis,unidentified
23da6c18226e1fef89320c77a8ca8634,k__Fungi; p__Basidiomycota; c__Agaricomycetes; o__Agaricales; f__Strophariaceae; g__Psilocybe,Fungi,Basidiomycota,Agaricomycetes,Agaricales,Strophariaceae,Psilocybe,
2435d74d767cd9416c04896c548d2237,k__Fungi; p__Ascomycota; c__Sordariomycetes; o__Hypocreales,Fungi,Ascomycota,Sordariomycetes,Hypocreales,,,
249004c610b8b83a2c64ae124c33bb3b,k__Fungi; p__Chytridiomycota; c__unidentified; o__unidentified; f__unidentified; g__unidentified; s__unidentified,Fungi,Chytridiomycota,unidentified,unidentified,unidentified,unidentified,unidentified
25ac4d0682962439b1b05d310e18c034,k__Fungi; p__Basidiomycota; c__Agaricomycetes; o__Agaricales; f__Marasmiaceae; g__unidentified; s__unidentified,Fungi,Basidiomycota,Agaricomycetes,Agaricales,Marasmiaceae,unidentified,unidentified
25e6e84f8a7e9c2f46002b813d9c0b49,k__Fungi; p__Chytridiomycota; c__unidentified; o__unidentified; f__unidentified; g__unidentified; s__unidentified,Fungi,Chytridiomycota,unidentified,unidentified,unidentified,unidentified,unidentified
261942ec769e880ddd5aacd254183480,k__Fungi; p__Ascomycota; c__Eurotiomycetes; o__Eurotiales; f__Trichocomaceae; g__Talaromyces; s__Talaromyces_minioluteus,Fungi,Ascomycota,Eurotiomycetes,Eurotiales,Trichocomaceae,Talaromyces,Talaromyces_minioluteus
26652643a205fdb85bc9d238e41b8267,k__Fungi; p__Ascomycota; c__Sordariomycetes; o__Xylariales; f__Xylariaceae; g__Stromatoneurospora; s__Stromatoneurospora_phoenix,Fungi,Ascomycota,Sordariomycetes,Xylariales,Xylariaceae,Stromatoneurospora,Stromatoneurospora_phoenix
273d5280fd16f2a7e3596e6203983056,k__Fungi; p__Basidiomycota; c__Agaricomycetes; o__Agaricales; f__Bolbitiaceae; g__Conocybe,Fungi,Basidiomycota,Agaricomycetes,Agaricales,Bolbitiaceae,Conocybe,
2803e813896fabd98da65694db26d801,k__Fungi; p__Mucoromycota; c__Mucoromycetes; o__Mucorales; f__Syncephalastraceae; g__Syncephalastrum; s__Syncephalastrum_monosporum,Fungi,Mucoromycota,Mucoromycetes,Mucorales,Syncephalastraceae,Syncephalastrum,Syncephalastrum_monosporum
281b23d3b8e8657074caa82e4fd47fa0,k__Fungi; p__Ascomycota; c__Eurotiomycetes; o__Chaetothyriales; f__Herpotrichiellaceae; g__Cladophialophora; s__unidentified,Fungi,Ascomycota,Eurotiomycetes,Chaetothyriales,Herpotrichiellaceae,Cladophialophora,unidentified
2957dabda38034f5651664689ae7b65d,k__Fungi,Fungi,,,,,,
296f599ebe149e94c71d7a5f9c69e0a7,k__Fungi; p__Basidiomycota; c__Agaricomycetes,Fungi,Basidiomycota,Agaricomycetes,,,,
2a0ab07cdb7aed3d0dda39ad3dbfc6c7,k__Fungi; p__Ascomycota; c__Sordariomycetes; o__Xylariales; f__Sporocadaceae; g__Pestalotiopsis,Fungi,Ascomycota,Sordariomycetes,Xylariales,Sporocadaceae,Pestalotiopsis,
2a3009303f684a4b9210e0c49c9cd16a,k__Fungi; p__Calcarisporiellomycota; c__Calcarisporiellomycetes; o__Calcarisporiellales; f__Calcarisporiellaceae; g__Calcarisporiella; s__unidentified,Fungi,Calcarisporiellomycota,Calcarisporiellomycetes,Calcarisporiellales,Calcarisporiellaceae,Calcarisporiella,unidentified
2a8e39dc8ff303062eb2827ae7473f11,k__Fungi; p__Ascomycota; c__Dothideomycetes; o__Pleosporales; f__Periconiaceae; g__Periconia; s__Periconia_byssoides,Fungi,Ascomycota,Dothideomycetes,Pleosporales,Periconiaceae,Periconia,Periconia_byssoides
2bba7a97a06ca91468328d13b85640a4,k__Fungi; p__Basidiomycota; c__Agaricomycetes; o__Agaricales; f__Stephanosporaceae; g__unidentified; s__unidentified,Fungi,Basidiomycota,Agaricomycetes,Agaricales,Stephanosporaceae,unidentified,unidentified
2c34ca7620195bf88c0e3d6f89bb618d,k__Fungi; p__Ascomycota; c__Dothideomycetes; o__Pleosporales,Fungi,Ascomycota,Dothideomycetes,Pleosporales,,,
2e1a2d6443cb39a95ffd3f1b79215908,k__Fungi; p__Ascomycota; c__Saccharomycetes; o__Saccharomycetales; f__Saccharomycetaceae; g__Kazachstania; s__Kazachstania_turicensis,Fungi,Ascomycota,Saccharomycetes,Saccharomycetales,Saccharomycetaceae,Kazachstania,Kazachstania_turicensis
2e2385dd1fa58a2d5953fbfccfb491bc,k__Fungi; p__Ascomycota; c__Eurotiomycetes; o__Chaetothyriales; f__Herpotrichiellaceae,Fungi,Ascomycota,Eurotiomycetes,Chaetothyriales,Herpotrichiellaceae,,
2eebfa638d408dbbbcd4b9e42470ffba,k__Fungi; p__Ascomycota; c__Eurotiomycetes; o__Eurotiales; f__Aspergillaceae; g__Penicillium; s__Penicillium_jiangxiense,Fungi,Ascomycota,Eurotiomycetes,Eurotiales,Aspergillaceae,Penicillium,Penicillium_jiangxiense
3060c1f4ea08962c2aea8e6d0093c51b,k__Fungi; p__Basidiomycota; c__Agaricomycetes,Fungi,Basidiomycota,Agaricomycetes,,,,
3069c2550fc8839c84dc2cdbd432ea89,k__Fungi; p__Mucoromycota; c__Mucoromycetes; o__Mucorales; f__Cunninghamellaceae; g__Cunninghamella,Fungi,Mucoromycota,Mucoromycetes,Mucorales,Cunninghamellaceae,Cunninghamella,
307896c2afdf6c979ad76454b4e1d1f7,k__Fungi,Fungi,,,,,,
33bc8f7e0e4e276ff8b7661df1a02d62,k__Fungi; p__Ascomycota; c__Sordariomycetes; o__Sordariales; f__Lasiosphaeriaceae; g__Schizothecium; s__Schizothecium_dakotense,Fungi,Ascomycota,Sordariomycetes,Sordariales,Lasiosphaeriaceae,Schizothecium,Schizothecium_dakotense
345a05b4b90c274498ea4d908da331bd,k__Fungi,Fungi,,,,,,
348bc3a16c07475392794809c998aefe,k__Fungi; p__Ascomycota; c__Dothideomycetes; o__Pleosporales; f__Didymosphaeriaceae; g__Pseudopithomyces; s__unidentified,Fungi,Ascomycota,Dothideomycetes,Pleosporales,Didymosphaeriaceae,Pseudopithomyces,unidentified
349419f590c1e59d07a7219c1752fc37,k__Fungi; p__Ascomycota; c__Sordariomycetes; o__Coniochaetales; f__unidentified; g__unidentified; s__unidentified,Fungi,Ascomycota,Sordariomycetes,Coniochaetales,unidentified,unidentified,unidentified
34b1a41cfa77a86948068a609d32781c,k__Fungi; p__Ascomycota; c__Sordariomycetes,Fungi,Ascomycota,Sordariomycetes,,,,
34c95641e843afde84a21bafeb2747e2,k__Fungi; p__Ascomycota; c__Leotiomycetes; o__Helotiales; f__Helotiaceae; g__Scytalidium; s__unidentified,Fungi,Ascomycota,Leotiomycetes,Helotiales,Helotiaceae,Scytalidium,unidentified
364298c663d51006f5a89c0854268021,k__Fungi; p__Basidiomycota; c__Agaricomycetes; o__Agaricales; f__Psathyrellaceae; g__Coprinopsis; s__Coprinopsis_calospora,Fungi,Basidiomycota,Agaricomycetes,Agaricales,Psathyrellaceae,Coprinopsis,Coprinopsis_calospora
365d3e710101ed4874e9ba15d4ec52dd,k__Fungi; p__Chytridiomycota; c__unidentified; o__unidentified; f__unidentified; g__unidentified; s__unidentified,Fungi,Chytridiomycota,unidentified,unidentified,unidentified,unidentified,unidentified
36be8f1b399b9bb4e5b9b76198e9789c,k__Fungi,Fungi,,,,,,
36ced75f364df7588d0793be0df7d11e,k__Fungi; p__Basidiomycota; c__Agaricomycetes; o__Thelephorales; f__Thelephoraceae; g__Tomentella,Fungi,Basidiomycota,Agaricomycetes,Thelephorales,Thelephoraceae,Tomentella,
3775f40d78d8e504630dc316e54e3594,k__Fungi; p__Ascomycota; c__Sordariomycetes; o__Magnaporthales; f__Magnaporthaceae; g__Magnaporthe; s__unidentified,Fungi,Ascomycota,Sordariomycetes,Magnaporthales,Magnaporthaceae,Magnaporthe,unidentified
382d9c37cc4f5f8e350bb7ba50581988,k__Fungi,Fungi,,,,,,
39345bc96fca345a3d4fe63c1cd417cf,k__Fungi; p__Basidiomycota; c__Agaricomycetes; o__Agaricales; f__Porotheleaceae; g__unidentified; s__unidentified,Fungi,Basidiomycota,Agaricomycetes,Agaricales,Porotheleaceae,unidentified,unidentified
3939a84dba592296fd043fff97c3e19d,k__Fungi; p__Ascomycota; c__Orbiliomycetes; o__Orbiliales; f__Orbiliaceae,Fungi,Ascomycota,Orbiliomycetes,Orbiliales,Orbiliaceae,,
3a59e3ee07b2120eb79e9f9fcb4753cb,k__Fungi; p__Basidiomycota; c__unidentified; o__unidentified; f__unidentified; g__unidentified; s__unidentified,Fungi,Basidiomycota,unidentified,unidentified,unidentified,unidentified,unidentified
3b23be143d676ea8b98c1e68790d1f3d,k__Fungi,Fungi,,,,,,
3b3327c2c66d361db82326a40b6de937,k__Fungi; p__Chytridiomycota; c__Chytridiomycetes; o__unidentified; f__unidentified; g__unidentified; s__unidentified,Fungi,Chytridiomycota,Chytridiomycetes,unidentified,unidentified,unidentified,unidentified
3bf390ff1e9f3aa9e7936cf54c78332a,k__Fungi; p__Kickxellomycota; c__Kickxellomycetes; o__Kickxellales; f__Kickxellaceae; g__Ramicandelaber; s__unidentified,Fungi,Kickxellomycota,Kickxellomycetes,Kickxellales,Kickxellaceae,Ramicandelaber,unidentified
3c1077faa6430e5682b36e706d9fe5d3,k__Fungi; p__Basidiomycota; c__Ustilaginomycetes; o__Ustilaginales; f__Ustilaginaceae; g__Ustilago; s__Ustilago_trichophora,Fungi,Basidiomycota,Ustilaginomycetes,Ustilaginales,Ustilaginaceae,Ustilago,Ustilago_trichophora
3c3eca63924a58ede93112809b7e9013,k__Fungi; p__Basidiomycota; c__Agaricomycetes,Fungi,Basidiomycota,Agaricomycetes,,,,
3c6421b31f6e936ea5e2c30e6e36ae10,k__Fungi; p__Basidiomycota,Fungi,Basidiomycota,,,,,
3cf6db9912f1020f5b1162393c9a03cb,k__Fungi; p__Mucoromycota; c__Mucoromycetes; o__Mucorales; f__Mucoraceae; g__Mucor; s__Mucor_ramosissimus,Fungi,Mucoromycota,Mucoromycetes,Mucorales,Mucoraceae,Mucor,Mucor_ramosissimus
3d092fb83f0216405ae82536ca49f0ed,k__Fungi; p__Ascomycota; c__Sordariomycetes; o__Xylariales; f__Xylariaceae; g__Halorosellinia; s__unidentified,Fungi,Ascomycota,Sordariomycetes,Xylariales,Xylariaceae,Halorosellinia,unidentified
3e00dd47e71696c3bd8b1e3853d49260,k__Fungi; p__Basidiomycota; c__Agaricomycetes; o__Cantharellales; f__Cantharellales_fam_Incertae_sedis; g__Minimedusa; s__Minimedusa_polyspora,Fungi,Basidiomycota,Agaricomycetes,Cantharellales,Cantharellales_fam_Incertae_sedis,Minimedusa,Minimedusa_polyspora
3ef7dc327a63be3991d6c676dab5902d,k__Fungi; p__Ascomycota; c__Orbiliomycetes; o__Orbiliales; f__Orbiliales_fam_Incertae_sedis; g__Vermispora; s__Vermispora_fusarina,Fungi,Ascomycota,Orbiliomycetes,Orbiliales,Orbiliales_fam_Incertae_sedis,Vermispora,Vermispora_fusarina
3f5a33b7899ceaa148410ef5be09a959,k__Fungi; p__Ascomycota; c__Dothideomycetes; o__Pleosporales; f__Didymosphaeriaceae; g__Pseudopithomyces; s__Pseudopithomyces_chartarum,Fungi,Ascomycota,Dothideomycetes,Pleosporales,Didymosphaeriaceae,Pseudopithomyces,Pseudopithomyces_chartarum
3f896f224f2d5adba9d9b3a756ecb719,k__Fungi; p__Chytridiomycota; c__Rhizophlyctidomycetes; o__Rhizophlyctidales; f__Rhizophlyctidaceae; g__Rhizophlyctis; s__Rhizophlyctis_rosea,Fungi,Chytridiomycota,Rhizophlyctidomycetes,Rhizophlyctidales,Rhizophlyctidaceae,Rhizophlyctis,Rhizophlyctis_rosea
3f98ad2b19655d9f4addf71d929004a5,k__Fungi; p__Ascomycota; c__Dothideomycetes; o__Pleosporales; f__Didymosphaeriaceae; g__Paraconiothyrium; s__Paraconiothyrium_archidendri,Fungi,Ascomycota,Dothideomycetes,Pleosporales,Didymosphaeriaceae,Paraconiothyrium,Paraconiothyrium_archidendri
406581a56ff40c537ff5adf9c9f02985,k__Fungi; p__Ascomycota; c__Dothideomycetes,Fungi,Ascomycota,Dothideomycetes,,,,
40c0eb7ff1b7f2193931adcc5eabc05e,k__Fungi; p__Ascomycota; c__Leotiomycetes; o__Helotiales; f__Helotiales_fam_Incertae_sedis; g__Chalara; s__Chalara_heteroderae,Fungi,Ascomycota,Leotiomycetes,Helotiales,Helotiales_fam_Incertae_sedis,Chalara,Chalara_heteroderae
410657fe0027655dbfcfb1e824c2c034,k__Fungi; p__Ascomycota; c__Sordariomycetes; o__Branch06; f__unidentified; g__unidentified; s__unidentified,Fungi,Ascomycota,Sordariomycetes,Branch06,unidentified,unidentified,unidentified
41b63c6edbf0d2abbb69cdc3258ac942,k__Fungi; p__Ascomycota; c__Eurotiomycetes; o__Chaetothyriales; f__unidentified; g__unidentified; s__unidentified,Fungi,Ascomycota,Eurotiomycetes,Chaetothyriales,unidentified,unidentified,unidentified
4392fae87caecf04d8118b122d11f0d2,k__Fungi; p__Basidiomycota; c__Agaricomycetes; o__Agaricales; f__Hygrophoraceae; g__Hygrocybe; s__Hygrocybe_conica,Fungi,Basidiomycota,Agaricomycetes,Agaricales,Hygrophoraceae,Hygrocybe,Hygrocybe_conica
46289f26883d5f0aad303e44dab8a4ec,k__Fungi; p__Basidiomycota; c__Agaricomycetes,Fungi,Basidiomycota,Agaricomycetes,,,,
46d59b8536147d0fb2beb2d1ffa58808,k__Fungi; p__Basidiomycota; c__Agaricomycetes; o__Agaricales; f__Bolbitiaceae; g__Conocybe; s__Conocybe_macrospora,Fungi,Basidiomycota,Agaricomycetes,Agaricales,Bolbitiaceae,Conocybe,Conocybe_macrospora
47c38747fda8def9f80044db50c3618f,k__Fungi; p__Mortierellomycota; c__Mortierellomycetes; o__Mortierellales; f__Mortierellaceae; g__Mortierella; s__unidentified,Fungi,Mortierellomycota,Mortierellomycetes,Mortierellales,Mortierellaceae,Mortierella,unidentified
47c6e21dcdeb4a8f49de332a4fd5f1a2,k__Fungi; p__Basidiomycota; c__Agaricomycetes; o__Cantharellales; f__Ceratobasidiaceae,Fungi,Basidiomycota,Agaricomycetes,Cantharellales,Ceratobasidiaceae,,
4842f32b03e0e32c3f0287b70501c14a,k__Fungi; p__Ascomycota; c__Orbiliomycetes; o__Orbiliales; f__Orbiliaceae; g__unidentified; s__unidentified,Fungi,Ascomycota,Orbiliomycetes,Orbiliales,Orbiliaceae,unidentified,unidentified
48fc28d5e1e6fd348925abed7eaa6292,k__Fungi; p__Ascomycota; c__Eurotiomycetes; o__Chaetothyriales,Fungi,Ascomycota,Eurotiomycetes,Chaetothyriales,,,
49de51a70dff6437569a3656c35c8dee,k__Fungi; p__Ascomycota; c__Sordariomycetes; o__Xylariales; f__Xylariaceae; g__Xylaria,Fungi,Ascomycota,Sordariomycetes,Xylariales,Xylariaceae,Xylaria,
49efe79acde313537401a81c13968719,k__Fungi; p__Ascomycota; c__Sordariomycetes; o__Hypocreales; f__Stachybotryaceae; g__Achroiostachys; s__Achroiostachys_betulicola,Fungi,Ascomycota,Sordariomycetes,Hypocreales,Stachybotryaceae,Achroiostachys,Achroiostachys_betulicola
4b428f7b9940bb2eed1c0f537addf1a4,k__Fungi; p__Basidiomycota; c__Agaricomycetes; o__Polyporales,Fungi,Basidiomycota,Agaricomycetes,Polyporales,,,
4bb15521b4be910c561c210f9762591f,k__Fungi; p__Basidiomycota; c__Agaricomycetes; o__Polyporales; f__Meripilaceae; g__unidentified; s__unidentified,Fungi,Basidiomycota,Agaricomycetes,Polyporales,Meripilaceae,unidentified,unidentified
4bf48869704084b741078e3613b7f901,k__Fungi; p__Ascomycota; c__Sordariomycetes; o__Hypocreales; f__Ophiocordycipitaceae; g__Purpureocillium,Fungi,Ascomycota,Sordariomycetes,Hypocreales,Ophiocordycipitaceae,Purpureocillium,
4c8eebc622e3bcf1b80ffc1c50b5520a,k__Fungi; p__Basidiomycota; c__Agaricomycetes; o__Agaricales; f__Psathyrellaceae; g__Psathyrella,Fungi,Basidiomycota,Agaricomycetes,Agaricales,Psathyrellaceae,Psathyrella,
4cfb7d65bb1dd340c1959d6a37bc3b06,k__Fungi; p__Entomophthoromycota; c__Entomophthoromycetes; o__Entomophthorales; f__Ancylistaceae; g__Conidiobolus; s__Conidiobolus_coronatus,Fungi,Entomophthoromycota,Entomophthoromycetes,Entomophthorales,Ancylistaceae,Conidiobolus,Conidiobolus_coronatus
4d5e2a17e53029c6daefa7326e694ef3,k__Fungi; p__Basidiomycota; c__Agaricomycetes; o__Agaricales; f__unidentified; g__unidentified; s__unidentified,Fungi,Basidiomycota,Agaricomycetes,Agaricales,unidentified,unidentified,unidentified
4d8bde72bf16eddcfb730be33321e29a,k__Fungi; p__Ascomycota,Fungi,Ascomycota,,,,,
4e519f26652e01ea6eb31b4ec130de16,k__Fungi,Fungi,,,,,,
4f354b0e342e227e9c812b3f486f6e45,k__Fungi; p__Ascomycota; c__Sordariomycetes; o__Sordariales; f__Lasiosphaeriaceae; g__Schizothecium,Fungi,Ascomycota,Sordariomycetes,Sordariales,Lasiosphaeriaceae,Schizothecium,
4f5883722c77a5adc47b80933d33cb39,k__Fungi; p__Basidiomycota,Fungi,Basidiomycota,,,,,
4f9c9a332e65ad5bbb34ac436b347219,k__Fungi; p__Ascomycota; c__Sordariomycetes; o__Hypocreales,Fungi,Ascomycota,Sordariomycetes,Hypocreales,,,
5001dd796db26cebf0a25a6807562878,k__Fungi; p__Ascomycota; c__Dothideomycetes; o__Pleosporales; f__Didymosphaeriaceae; g__Paraphaeosphaeria; s__unidentified,Fungi,Ascomycota,Dothideomycetes,Pleosporales,Didymosphaeriaceae,Paraphaeosphaeria,unidentified
5010477bba0176e3d565e56cf909c6a0,k__Fungi; p__Ascomycota; c__Eurotiomycetes; o__Chaetothyriales; f__unidentified; g__unidentified; s__unidentified,Fungi,Ascomycota,Eurotiomycetes,Chaetothyriales,unidentified,unidentified,unidentified
5062eafaa911919911ca032c33a41023,k__Fungi; p__Ascomycota; c__Sordariomycetes; o__Hypocreales; f__Stachybotryaceae; g__Achroiostachys; s__Achroiostachys_levigata,Fungi,Ascomycota,Sordariomycetes,Hypocreales,Stachybotryaceae,Achroiostachys,Achroiostachys_levigata
50c445cfbff14379286e1547ec201bdf,k__Fungi; p__Kickxellomycota; c__Kickxellomycetes; o__Kickxellales; f__Kickxellaceae; g__Spiromyces; s__unidentified,Fungi,Kickxellomycota,Kickxellomycetes,Kickxellales,Kickxellaceae,Spiromyces,unidentified
51c05562f6722e043dd2d105366a2d66,k__Fungi; p__Basidiomycota,Fungi,Basidiomycota,,,,,
51df269227b1e67bdbff82f810245c4b,k__Fungi; p__Ascomycota; c__Sordariomycetes; o__Sordariales; f__Sordariales_fam_Incertae_sedis; g__Conlarium; s__unidentified,Fungi,Ascomycota,Sordariomycetes,Sordariales,Sordariales_fam_Incertae_sedis,Conlarium,unidentified
520eab6cbe62d28001e8e3c9d3003f02,k__Fungi; p__Ascomycota; c__Sordariomycetes; o__Microascales; f__Microascaceae; g__unidentified; s__unidentified,Fungi,Ascomycota,Sordariomycetes,Microascales,Microascaceae,unidentified,unidentified
537cc10e1f98038498fc24b6b7eab47a,k__Fungi,Fungi,,,,,,
53d9942b29851d5fb8c95d6a89911d00,k__Fungi; p__Basidiomycota; c__Agaricomycetes; o__Agaricales; f__Bolbitiaceae; g__Conocybe; s__Conocybe_apala,Fungi,Basidiomycota,Agaricomycetes,Agaricales,Bolbitiaceae,Conocybe,Conocybe_apala
541974fb13591e4c6300d536d96b30f6,k__Fungi,Fungi,,,,,,
54334b5644ad24c9ee4336b8d70008ed,k__Fungi; p__Basidiomycota; c__Agaricomycetes; o__Agaricales; f__Agaricaceae; g__unidentified; s__unidentified,Fungi,Basidiomycota,Agaricomycetes,Agaricales,Agaricaceae,unidentified,unidentified
546ddc7b8a84d0d79eeae7b9081533f9,k__Fungi; p__Ascomycota; c__Eurotiomycetes; o__Chaetothyriales; f__Herpotrichiellaceae; g__Cladophialophora; s__unidentified,Fungi,Ascomycota,Eurotiomycetes,Chaetothyriales,Herpotrichiellaceae,Cladophialophora,unidentified
54a8f10a113e6bc64896b1adb72aaa14,k__Fungi; p__Ascomycota; c__Eurotiomycetes; o__Chaetothyriales; f__Herpotrichiellaceae; g__Cladophialophora; s__unidentified,Fungi,Ascomycota,Eurotiomycetes,Chaetothyriales,Herpotrichiellaceae,Cladophialophora,unidentified
55db9988532ec5a4cc3791e8763737f8,k__Fungi; p__Chytridiomycota; c__Rhizophlyctidomycetes; o__Rhizophlyctidales; f__Rhizophlyctidaceae; g__Rhizophlyctis; s__Rhizophlyctis_rosea,Fungi,Chytridiomycota,Rhizophlyctidomycetes,Rhizophlyctidales,Rhizophlyctidaceae,Rhizophlyctis,Rhizophlyctis_rosea
566e9b32e021a03e1db8599b2962ee22,k__Fungi; p__Basidiomycota; c__Agaricomycetes; o__Agaricales; f__unidentified; g__unidentified; s__unidentified,Fungi,Basidiomycota,Agaricomycetes,Agaricales,unidentified,unidentified,unidentified
56c6405e87fd550ec6d54b9f64f75096,k__Fungi; p__Basidiomycota,Fungi,Basidiomycota,,,,,
5705751f71d83f0556c581bfb11992a4,k__Fungi; p__Basidiomycota; c__Agaricomycetes; o__Sebacinales; f__Serendipitaceae; g__unidentified; s__unidentified,Fungi,Basidiomycota,Agaricomycetes,Sebacinales,Serendipitaceae,unidentified,unidentified
57804f5dcf0cc9e482e2170042534824,k__Fungi; p__Ascomycota; c__Eurotiomycetes; o__Chaetothyriales; f__Herpotrichiellaceae; g__Cladophialophora; s__unidentified,Fungi,Ascomycota,Eurotiomycetes,Chaetothyriales,Herpotrichiellaceae,Cladophialophora,unidentified
58815f55126f98027de667ed61d862ba,k__Fungi; p__Basidiomycota; c__Agaricomycetes; o__Cantharellales; f__Ceratobasidiaceae; g__Ceratobasidium; s__unidentified,Fungi,Basidiomycota,Agaricomycetes,Cantharellales,Ceratobasidiaceae,Ceratobasidium,unidentified
58dd0d1cbafa44d1d8fe7b03632e020b,k__Fungi; p__Chytridiomycota; c__Rhizophlyctidomycetes; o__Rhizophlyctidales; f__Rhizophlyctidaceae; g__Rhizophlyctis; s__Rhizophlyctis_rosea,Fungi,Chytridiomycota,Rhizophlyctidomycetes,Rhizophlyctidales,Rhizophlyctidaceae,Rhizophlyctis,Rhizophlyctis_rosea
58ea79859460eaa3a591990d7fc85c3d,k__Fungi; p__Mortierellomycota; c__Mortierellomycetes; o__Mortierellales; f__Mortierellaceae; g__Mortierella; s__Mortierella_ambigua,Fungi,Mortierellomycota,Mortierellomycetes,Mortierellales,Mortierellaceae,Mortierella,Mortierella_ambigua
5965cfae3c8a926fb55aafaf1063c339,k__Fungi; p__Ascomycota; c__Sordariomycetes; o__Diaporthales; f__Diaporthaceae; g__Diaporthe,Fungi,Ascomycota,Sordariomycetes,Diaporthales,Diaporthaceae,Diaporthe,
599a7be26e2ca764433ddc852ad6101f,k__Fungi; p__Ascomycota; c__Eurotiomycetes; o__Chaetothyriales; f__Herpotrichiellaceae; g__Cladophialophora; s__unidentified,Fungi,Ascomycota,Eurotiomycetes,Chaetothyriales,Herpotrichiellaceae,Cladophialophora,unidentified
5a3c004b06b09d38bddce6dc479b7a7c,k__Fungi; p__Ascomycota; c__Dothideomycetes; o__Pleosporales; f__Pleosporaceae; g__Alternaria,Fungi,Ascomycota,Dothideomycetes,Pleosporales,Pleosporaceae,Alternaria,
5aa37c54c514164db6bc169ce3914dbb,k__Fungi; p__Ascomycota; c__Sordariomycetes,Fungi,Ascomycota,Sordariomycetes,,,,
5b613b1b95c9f933fb9a24d12ff060d6,k__Fungi,Fungi,,,,,,
5c34a573559283ed4cf6eddfaae0c415,k__Fungi; p__Basidiomycota; c__Malasseziomycetes; o__Malasseziales; f__Malasseziaceae; g__Malassezia; s__Malassezia_globosa,Fungi,Basidiomycota,Malasseziomycetes,Malasseziales,Malasseziaceae,Malassezia,Malassezia_globosa
5cb24cff20f951645859ba52898068ac,k__Fungi; p__Chytridiomycota; c__Rhizophlyctidomycetes; o__Rhizophlyctidales; f__Rhizophlyctidaceae; g__Rhizophlyctis; s__Rhizophlyctis_rosea,Fungi,Chytridiomycota,Rhizophlyctidomycetes,Rhizophlyctidales,Rhizophlyctidaceae,Rhizophlyctis,Rhizophlyctis_rosea
5d0d319321da8bce570b16cb6d118d4c,k__Fungi; p__Basidiomycota; c__Agaricomycetes; o__Agaricales; f__Psathyrellaceae; g__Coprinellus; s__Coprinellus_disseminatus,Fungi,Basidiomycota,Agaricomycetes,Agaricales,Psathyrellaceae,Coprinellus,Coprinellus_disseminatus
5d2a80ad8f67d53e54160517f9bdaf17,k__Fungi; p__Calcarisporiellomycota; c__Calcarisporiellomycetes; o__Calcarisporiellales; f__Calcarisporiellaceae; g__Calcarisporiella; s__unidentified,Fungi,Calcarisporiellomycota,Calcarisporiellomycetes,Calcarisporiellales,Calcarisporiellaceae,Calcarisporiella,unidentified
5ea24d31c8e5642dd5c7767ac28f5ef7,k__Fungi; p__Ascomycota; c__Sordariomycetes; o__Hypocreales; f__Hypocreaceae; g__Trichoderma,Fungi,Ascomycota,Sordariomycetes,Hypocreales,Hypocreaceae,Trichoderma,
5eadb35cbc4df1a7b0b594522df84f95,k__Fungi; p__Basidiomycota; c__Agaricomycetes; o__Agaricales; f__Entolomataceae; g__Entoloma,Fungi,Basidiomycota,Agaricomycetes,Agaricales,Entolomataceae,Entoloma,
5ee1a6337f7f7ac736bcf0e044e74897,k__Fungi; p__Basidiomycota; c__Agaricomycetes; o__Agaricales; f__Lycoperdaceae; g__Lycoperdon; s__Lycoperdon_pratense,Fungi,Basidiomycota,Agaricomycetes,Agaricales,Lycoperdaceae,Lycoperdon,Lycoperdon_pratense
5f7c5d7f4cd6f3db9f769c566f19172e,k__Fungi; p__Ascomycota; c__Dothideomycetes; o__Botryosphaeriales; f__Botryosphaeriaceae; g__Macrophomina,Fungi,Ascomycota,Dothideomycetes,Botryosphaeriales,Botryosphaeriaceae,Macrophomina,
5f8f295f9a778f6e8505721b6e958bb2,k__Fungi; p__Basidiomycota; c__Agaricomycetes; o__Agaricales; f__Hygrophoraceae; g__Hygrocybe; s__unidentified,Fungi,Basidiomycota,Agaricomycetes,Agaricales,Hygrophoraceae,Hygrocybe,unidentified
6022db20d25a60692250b9e26b12dda5,k__Fungi; p__Basidiomycota; c__Agaricomycetes; o__Trechisporales; f__Hydnodontaceae; g__Tubulicium; s__Tubulicium_vermiferum,Fungi,Basidiomycota,Agaricomycetes,Trechisporales,Hydnodontaceae,Tubulicium,Tubulicium_vermiferum
608ad1cbcc571443f3b022c477681f6d,k__Fungi; p__Basidiomycota; c__Agaricomycetes; o__Polyporales,Fungi,Basidiomycota,Agaricomycetes,Polyporales,,,
60d9ca3603e280c4522f5f142bf84c02,k__Fungi; p__Basidiomycota,Fungi,Basidiomycota,,,,,
60f4e3e5b3e1cb8d073866eace9ada8e,k__Fungi; p__Ascomycota; c__Eurotiomycetes; o__Chaetothyriales; f__unidentified; g__unidentified; s__unidentified,Fungi,Ascomycota,Eurotiomycetes,Chaetothyriales,unidentified,unidentified,unidentified
62979c635c713304b1c9276dbf6db0a1,k__Fungi; p__Ascomycota,Fungi,Ascomycota,,,,,
6303a8911af122b3c159f1a0ef70ffca,k__Fungi; p__Basidiomycota; c__Agaricomycetes; o__Agaricales; f__unidentified; g__unidentified; s__unidentified,Fungi,Basidiomycota,Agaricomycetes,Agaricales,unidentified,unidentified,unidentified
631a9ad2f9a620a199e085c366674b96,k__Fungi; p__Ascomycota; c__Sordariomycetes; o__Sordariales; f__Chaetomiaceae; g__Corynascella; s__Corynascella_humicola,Fungi,Ascomycota,Sordariomycetes,Sordariales,Chaetomiaceae,Corynascella,Corynascella_humicola
6333ef86b9d5711be90afa8187dbb3d9,k__Fungi; p__Ascomycota; c__Orbiliomycetes; o__Orbiliales; f__Orbiliaceae,Fungi,Ascomycota,Orbiliomycetes,Orbiliales,Orbiliaceae,,
63ec805d47a231cc0bf285181a61f3ad,k__Fungi,Fungi,,,,,,
648665dc6e8d8c586e5ede8d714095f8,k__Fungi,Fungi,,,,,,
651d165959e7dfb031ac34677e503bb3,k__Fungi,Fungi,,,,,,
65b7294d6c4ec8d1b9b6c48bb07b949e,k__Fungi; p__Basidiomycota; c__Agaricomycetes; o__Agaricales; f__Psathyrellaceae; g__Psathyrella,Fungi,Basidiomycota,Agaricomycetes,Agaricales,Psathyrellaceae,Psathyrella,
661c597ac7589d2b3c46e5d2937a5847,k__Fungi; p__Ascomycota; c__Sordariomycetes; o__Hypocreales; f__Nectriaceae; g__Fusarium,Fungi,Ascomycota,Sordariomycetes,Hypocreales,Nectriaceae,Fusarium,
67258dd2875e957d1d3bf5d9feb751b2,k__Fungi,Fungi,,,,,,
6754b663c6463b758d16bfd51d1eba6f,k__Fungi; p__Ascomycota; c__Dothideomycetes; o__Pleosporales; f__Pleosporaceae; g__Bipolaris; s__Bipolaris_yamadae,Fungi,Ascomycota,Dothideomycetes,Pleosporales,Pleosporaceae,Bipolaris,Bipolaris_yamadae
68034120e98edbec7b76a93cd74be143,k__Fungi,Fungi,,,,,,
6820be9b8dea7fa99ede665d29ae0217,k__Fungi; p__Zoopagomycota; c__Zoopagomycetes; o__Zoopagales; f__Piptocephalidaceae; g__Syncephalis; s__unidentified,Fungi,Zoopagomycota,Zoopagomycetes,Zoopagales,Piptocephalidaceae,Syncephalis,unidentified
684a1a1004b8b009ff8df822f2337d31,k__Fungi; p__Ascomycota,Fungi,Ascomycota,,,,,
68b7877fe7108d8071cc7328d5f1bb26,k__Fungi; p__Basidiomycota; c__Agaricomycetes,Fungi,Basidiomycota,Agaricomycetes,,,,
697e15e09b3a5e7814465a59b0d88ae4,k__Fungi; p__Basidiomycota; c__Agaricomycetes; o__Agaricales; f__Entolomataceae; g__Clitopilus; s__unidentified,Fungi,Basidiomycota,Agaricomycetes,Agaricales,Entolomataceae,Clitopilus,unidentified
69fb603b9d9bf830e194444e167f2e44,k__Fungi; p__Basidiomycota; c__Ustilaginomycetes; o__Ustilaginales; f__Ustilaginaceae; g__Moesziomyces; s__Moesziomyces_aphidis,Fungi,Basidiomycota,Ustilaginomycetes,Ustilaginales,Ustilaginaceae,Moesziomyces,Moesziomyces_aphidis
6a3e3d24e9750ef552f1ab984796daa0,k__Fungi,Fungi,,,,,,
6a435b632ad3920be806e4e45492bf80,k__Fungi; p__Ascomycota; c__Sordariomycetes; o__Hypocreales; f__Hypocreaceae; g__Monocillium; s__Monocillium_indicum,Fungi,Ascomycota,Sordariomycetes,Hypocreales,Hypocreaceae,Monocillium,Monocillium_indicum
6c3a87f525ad7bfeebcf3367e8f5c9bf,k__Fungi; p__Ascomycota; c__Sordariomycetes; o__Hypocreales,Fungi,Ascomycota,Sordariomycetes,Hypocreales,,,
6cb101135ffb303e07fb478846829ea6,k__Fungi; p__unidentified; c__unidentified; o__unidentified; f__unidentified; g__unidentified; s__unidentified,Fungi,unidentified,unidentified,unidentified,unidentified,unidentified,unidentified
6d8c47e65aea347f9645d4c71236c11d,k__Fungi; p__Basidiomycota; c__Agaricomycetes; o__Agaricales; f__Clavariaceae; g__Clavaria,Fungi,Basidiomycota,Agaricomycetes,Agaricales,Clavariaceae,Clavaria,
6d9a118009cbf2a2b968a79ef977bee7,k__Fungi; p__Basidiomycota; c__Agaricomycetes; o__Polyporales; f__Meruliaceae; g__Phanerochaete,Fungi,Basidiomycota,Agaricomycetes,Polyporales,Meruliaceae,Phanerochaete,
6dd87d988a4d518a32e24bd4668031b6,k__Fungi,Fungi,,,,,,
6e5317ab15f97df408a43f95fb115d60,k__Fungi; p__Basidiomycota; c__Agaricomycetes; o__Agaricales; f__Psathyrellaceae; g__Psathyrella; s__Psathyrella_merdicola,Fungi,Basidiomycota,Agaricomycetes,Agaricales,Psathyrellaceae,Psathyrella,Psathyrella_merdicola
6e6b6903a85b05e59cdddfb7580f12a2,k__Fungi; p__Zoopagomycota; c__Zoopagomycetes; o__Zoopagales; f__Piptocephalidaceae; g__Syncephalis; s__Syncephalis_plumigaleata,Fungi,Zoopagomycota,Zoopagomycetes,Zoopagales,Piptocephalidaceae,Syncephalis,Syncephalis_plumigaleata
6edc3ce3562efe742c73de6853ad7734,k__Fungi; p__Ascomycota; c__Dothideomycetes; o__Capnodiales; f__Cladosporiaceae; g__Cladosporium; s__Cladosporium_delicatulum,Fungi,Ascomycota,Dothideomycetes,Capnodiales,Cladosporiaceae,Cladosporium,Cladosporium_delicatulum
6f217900ff065b8fb5d7d7e558f886af,k__Fungi; p__Basidiomycota; c__Malasseziomycetes; o__Malasseziales; f__Malasseziaceae; g__Malassezia; s__Malassezia_restricta,Fungi,Basidiomycota,Malasseziomycetes,Malasseziales,Malasseziaceae,Malassezia,Malassezia_restricta
709498d29270af5c256917653ec84d15,k__Fungi; p__Ascomycota; c__Eurotiomycetes; o__Chaetothyriales; f__unidentified; g__unidentified; s__unidentified,Fungi,Ascomycota,Eurotiomycetes,Chaetothyriales,unidentified,unidentified,unidentified
70bf016dd0391ef79d2fccef2bd82bf7,k__Fungi; p__Basidiomycota,Fungi,Basidiomycota,,,,,
711c603e0dcfdcb4de5b578650c696aa,k__Fungi; p__Basidiomycota; c__Agaricomycetes; o__Agaricales; f__Agaricaceae; g__unidentified; s__unidentified,Fungi,Basidiomycota,Agaricomycetes,Agaricales,Agaricaceae,unidentified,unidentified
71af25479d29b221282f7eafe8f705db,k__Fungi; p__Ascomycota; c__Eurotiomycetes; o__Eurotiales; f__Trichocomaceae; g__Talaromyces,Fungi,Ascomycota,Eurotiomycetes,Eurotiales,Trichocomaceae,Talaromyces,
71c603ac6fda5ef6beb59043ca0a1243,k__Fungi; p__Basidiomycota; c__Agaricomycetes; o__Agaricales; f__Psathyrellaceae; g__Psathyrella; s__unidentified,Fungi,Basidiomycota,Agaricomycetes,Agaricales,Psathyrellaceae,Psathyrella,unidentified
71f62094d2a60ca700522c0d6c9fc665,k__Fungi; p__Ascomycota,Fungi,Ascomycota,,,,,
721e07debfdba3ae20b87744b9e7843e,k__Fungi; p__Kickxellomycota; c__Kickxellomycetes; o__Kickxellales; f__Kickxellaceae; g__Spiromyces; s__unidentified,Fungi,Kickxellomycota,Kickxellomycetes,Kickxellales,Kickxellaceae,Spiromyces,unidentified
72587cd9ea3dc08311889d7a5842185c,k__Fungi; p__Ascomycota; c__Leotiomycetes; o__Helotiales; f__Rutstroemiaceae; g__unidentified; s__unidentified,Fungi,Ascomycota,Leotiomycetes,Helotiales,Rutstroemiaceae,unidentified,unidentified
728e1361ad546923ded44a46715717c7,k__Fungi; p__Ascomycota; c__Orbiliomycetes; o__Orbiliales; f__Orbiliaceae; g__Arthrobotrys; s__unidentified,Fungi,Ascomycota,Orbiliomycetes,Orbiliales,Orbiliaceae,Arthrobotrys,unidentified
728e9465779b7a25e3ed450b9827ddfd,k__Fungi; p__Ascomycota; c__Eurotiomycetes; o__Chaetothyriales; f__unidentified; g__unidentified; s__unidentified,Fungi,Ascomycota,Eurotiomycetes,Chaetothyriales,unidentified,unidentified,unidentified
72c446cc3915e734723e47956d5979c8,k__Fungi; p__Ascomycota; c__Dothideomycetes; o__Pleosporales; f__Didymosphaeriaceae; g__Paraphaeosphaeria; s__unidentified,Fungi,Ascomycota,Dothideomycetes,Pleosporales,Didymosphaeriaceae,Paraphaeosphaeria,unidentified
7326f5f7404f2f254b0cd85ae060dd80,k__Fungi; p__Basidiomycota; c__Agaricomycetes; o__Agaricales; f__Agaricaceae; g__Leucoagaricus; s__Leucoagaricus_serenus,Fungi,Basidiomycota,Agaricomycetes,Agaricales,Agaricaceae,Leucoagaricus,Leucoagaricus_serenus
73cdbf2f8efdbb9dc8a562ed8fcf337b,k__Fungi; p__Basidiomycota; c__Agaricomycetes,Fungi,Basidiomycota,Agaricomycetes,,,,
7404cfcdd8452c66f6206bf2eed60f80,k__Fungi; p__Ascomycota,Fungi,Ascomycota,,,,,
753899bed89b7823ec61d5ad7b2c08af,k__Fungi; p__Ascomycota; c__Sordariomycetes; o__Hypocreales; f__Ophiocordycipitaceae; g__Purpureocillium; s__Purpureocillium_lavendulum,Fungi,Ascomycota,Sordariomycetes,Hypocreales,Ophiocordycipitaceae,Purpureocillium,Purpureocillium_lavendulum
7611e566450fb7752ec2ab07e8261d83,k__Fungi; p__Basidiomycota; c__Agaricomycetes; o__Agaricales; f__Psathyrellaceae; g__Coprinellus; s__Coprinellus_radians,Fungi,Basidiomycota,Agaricomycetes,Agaricales,Psathyrellaceae,Coprinellus,Coprinellus_radians
76a503efd084b314cf1d77475932437c,k__Fungi; p__Basidiomycota; c__Agaricomycetes; o__Russulales; f__Peniophoraceae; g__Subulicystidium; s__Subulicystidium_perlongisporum,Fungi,Basidiomycota,Agaricomycetes,Russulales,Peniophoraceae,Subulicystidium,Subulicystidium_perlongisporum
76dbd3da3a00830411913eb34e7b70ff,k__Fungi; p__Ascomycota; c__Eurotiomycetes; o__Chaetothyriales; f__Herpotrichiellaceae; g__Phialophora; s__unidentified,Fungi,Ascomycota,Eurotiomycetes,Chaetothyriales,Herpotrichiellaceae,Phialophora,unidentified
7727e0eac050012b2cfc32836f39a44c,k__Fungi,Fungi,,,,,,
77b21331626fe7154fdfcac9eef61581,k__Fungi; p__Ascomycota; c__Dothideomycetes; o__Pleosporales; f__Pleosporales_fam_Incertae_sedis,Fungi,Ascomycota,Dothideomycetes,Pleosporales,Pleosporales_fam_Incertae_sedis,,
7a56d3d6b71e18d7f941120a54539d8d,k__Fungi; p__Basidiomycota; c__Agaricomycetes,Fungi,Basidiomycota,Agaricomycetes,,,,
7b1e109918976e9edfba93b29c45843d,k__Fungi; p__Ascomycota; c__Eurotiomycetes; o__Onygenales; f__Arachnomycetaceae; g__Arachnomyces; s__unidentified,Fungi,Ascomycota,Eurotiomycetes,Onygenales,Arachnomycetaceae,Arachnomyces,unidentified
7bc08569cb033718881195f6307dfd93,k__Fungi; p__Zoopagomycota; c__Zoopagomycetes; o__Zoopagales; f__Piptocephalidaceae; g__Syncephalis; s__unidentified,Fungi,Zoopagomycota,Zoopagomycetes,Zoopagales,Piptocephalidaceae,Syncephalis,unidentified
7c311461681e4d5930cd5cf0bd33829c,k__Fungi; p__Ascomycota; c__Dothideomycetes; o__Pleosporales; f__Didymosphaeriaceae; g__Pseudopithomyces; s__unidentified,Fungi,Ascomycota,Dothideomycetes,Pleosporales,Didymosphaeriaceae,Pseudopithomyces,unidentified
7c7bd60c47da66aff780f68055286f9e,k__Fungi; p__Ascomycota; c__Eurotiomycetes; o__Eurotiales; f__Aspergillaceae; g__Penicillium,Fungi,Ascomycota,Eurotiomycetes,Eurotiales,Aspergillaceae,Penicillium,
7d2d47ce77b148c413bd150a2a72a797,k__Fungi; p__Basidiomycota; c__Agaricomycetes; o__Boletales; f__Coniophoraceae; g__Coniophora; s__Coniophora_eremophila,Fungi,Basidiomycota,Agaricomycetes,Boletales,Coniophoraceae,Coniophora,Coniophora_eremophila
7d32acf37dc99b14b47358e1eeab4a38,k__Fungi; p__Mucoromycota; c__Mucoromycetes; o__Mucorales; f__Cunninghamellaceae; g__Absidia; s__Absidia_pseudocylindrospora,Fungi,Mucoromycota,Mucoromycetes,Mucorales,Cunninghamellaceae,Absidia,Absidia_pseudocylindrospora
7d965fbe1fc4e771ac312965edc5f3d2,k__Fungi; p__Ascomycota; c__Orbiliomycetes; o__Orbiliales; f__Orbiliaceae; g__Arthrobotrys,Fungi,Ascomycota,Orbiliomycetes,Orbiliales,Orbiliaceae,Arthrobotrys,
7e6aac48e132a8d93bea916239112fba,k__Fungi; p__Basidiomycota; c__Agaricomycetes; o__Agaricales; f__Bolbitiaceae; g__Conocybe; s__Conocybe_moseri,Fungi,Basidiomycota,Agaricomycetes,Agaricales,Bolbitiaceae,Conocybe,Conocybe_moseri
7e9c21e16626e222bdc04058b3d1bf03,k__Fungi; p__Basidiomycota; c__Agaricomycetes,Fungi,Basidiomycota,Agaricomycetes,,,,
80f466f7cb3217f130cb18bbb7ca9dbc,k__Fungi,Fungi,,,,,,
81afb233848545f9a2529b2128ada1a7,k__Fungi; p__Basidiomycota,Fungi,Basidiomycota,,,,,
81ee88306aceeb8d413538f41e105bcc,k__Fungi; p__Basidiomycota; c__Agaricomycetes; o__Polyporales; f__Ganodermataceae; g__Ganoderma; s__Ganoderma_australe,Fungi,Basidiomycota,Agaricomycetes,Polyporales,Ganodermataceae,Ganoderma,Ganoderma_australe
81efe14defaa303c4da32b24111e106d,k__Fungi; p__Basidiomycota; c__Agaricomycetes; o__Agaricales; f__Omphalotaceae; g__Marasmiellus; s__unidentified,Fungi,Basidiomycota,Agaricomycetes,Agaricales,Omphalotaceae,Marasmiellus,unidentified
8233f808cd457c014779207353d03425,k__Fungi; p__Ascomycota; c__Sordariomycetes; o__Branch06; f__unidentified; g__unidentified; s__unidentified,Fungi,Ascomycota,Sordariomycetes,Branch06,unidentified,unidentified,unidentified
82a92f69ea0a390d76ea4cc1f6fe7760,k__Fungi; p__Ascomycota; c__Saccharomycetes; o__Saccharomycetales; f__Debaryomycetaceae; g__Yamadazyma; s__Yamadazyma_phyllophila,Fungi,Ascomycota,Saccharomycetes,Saccharomycetales,Debaryomycetaceae,Yamadazyma,Yamadazyma_phyllophila
836d9e20bb20d6ea37b91712fb9969db,k__Fungi; p__Ascomycota; c__Eurotiomycetes; o__Chaetothyriales; f__Herpotrichiellaceae; g__Cladophialophora; s__unidentified,Fungi,Ascomycota,Eurotiomycetes,Chaetothyriales,Herpotrichiellaceae,Cladophialophora,unidentified
8546c3ff9c8a3ae625abb3c1e304cfc8,k__Fungi; p__Mortierellomycota; c__Mortierellomycetes; o__Mortierellales; f__Mortierellaceae; g__Mortierella; s__unidentified,Fungi,Mortierellomycota,Mortierellomycetes,Mortierellales,Mortierellaceae,Mortierella,unidentified
85506a32b720427384e4a002bf2753be,k__Fungi; p__Ascomycota; c__Eurotiomycetes; o__Onygenales; f__Onygenales_fam_Incertae_sedis; g__Spiromastix; s__Spiromastix_asexualis,Fungi,Ascomycota,Eurotiomycetes,Onygenales,Onygenales_fam_Incertae_sedis,Spiromastix,Spiromastix_asexualis
860ef5660139f9805e7d84cf8876aaa8,k__Fungi; p__Mucoromycota; c__Mucoromycetes; o__Mucorales; f__Syncephalastraceae; g__Syncephalastrum; s__unidentified,Fungi,Mucoromycota,Mucoromycetes,Mucorales,Syncephalastraceae,Syncephalastrum,unidentified
874542ff28ad65de8f402feea7758958,k__Fungi; p__Ascomycota; c__Eurotiomycetes; o__Chaetothyriales; f__unidentified; g__unidentified; s__unidentified,Fungi,Ascomycota,Eurotiomycetes,Chaetothyriales,unidentified,unidentified,unidentified
875e8b7f9699ef57bc5da14b8f51b027,k__Fungi; p__Mortierellomycota; c__Mortierellomycetes; o__Mortierellales; f__Mortierellaceae; g__Mortierella; s__unidentified,Fungi,Mortierellomycota,Mortierellomycetes,Mortierellales,Mortierellaceae,Mortierella,unidentified
87c0217bb28003fe2cca9b53f5efc313,k__Fungi; p__Basidiomycota; c__Agaricomycetes,Fungi,Basidiomycota,Agaricomycetes,,,,
88317cb72e7dba6c3949383519809af6,k__Fungi; p__Basidiomycota; c__Agaricomycetes; o__Agaricales; f__Agaricaceae; g__Chlorophyllum; s__Chlorophyllum_hortense,Fungi,Basidiomycota,Agaricomycetes,Agaricales,Agaricaceae,Chlorophyllum,Chlorophyllum_hortense
894bc59b17de6b2b9bc5128fd1739caa,k__Fungi,Fungi,,,,,,
894e727da6defba4a79f3a02ab8fa55a,k__Fungi,Fungi,,,,,,
8ad4327317bd85b2ad49c75434100300,k__Fungi,Fungi,,,,,,
8c3da04e31b091846ed9b2b54baebd26,k__Fungi; p__Basidiomycota; c__Agaricomycetes; o__Agaricales,Fungi,Basidiomycota,Agaricomycetes,Agaricales,,,
8c6f266551093d4b25fa003ad06db6bb,k__Fungi; p__Mortierellomycota; c__Mortierellomycetes; o__Mortierellales; f__Mortierellaceae; g__Mortierella; s__Mortierella_ambigua,Fungi,Mortierellomycota,Mortierellomycetes,Mortierellales,Mortierellaceae,Mortierella,Mortierella_ambigua
8d9071829ec187f1c6fb709df72b7a7a,k__Fungi; p__Basidiomycota; c__Agaricomycetes; o__Agaricales; f__Lycoperdaceae,Fungi,Basidiomycota,Agaricomycetes,Agaricales,Lycoperdaceae,,
8e6bb6c01d5a45d9a8ea5c6ab15a0214,k__Fungi,Fungi,,,,,,
90e9bd9f09001b1565fa5d30721448e2,k__Fungi; p__Ascomycota; c__Eurotiomycetes; o__Chaetothyriales; f__Herpotrichiellaceae; g__Exophiala; s__unidentified,Fungi,Ascomycota,Eurotiomycetes,Chaetothyriales,Herpotrichiellaceae,Exophiala,unidentified
90fd65abee56a817e7cd3915cf87d522,k__Fungi; p__Basidiomycota; c__Agaricomycetes; o__Agaricales; f__Cortinariaceae; g__Gymnopilus; s__Gymnopilus_lepidotus,Fungi,Basidiomycota,Agaricomycetes,Agaricales,Cortinariaceae,Gymnopilus,Gymnopilus_lepidotus
910bb95886e41c5177b85e015874f6e0,k__Fungi; p__Zoopagomycota; c__Zoopagomycetes; o__Zoopagales; f__Piptocephalidaceae; g__Syncephalis; s__unidentified,Fungi,Zoopagomycota,Zoopagomycetes,Zoopagales,Piptocephalidaceae,Syncephalis,unidentified
91246891ee4fe5acce0d2cc98cdb8a2e,k__Fungi; p__Chytridiomycota; c__Rhizophlyctidomycetes; o__Rhizophlyctidales; f__Rhizophlyctidaceae; g__Rhizophlyctis; s__Rhizophlyctis_rosea,Fungi,Chytridiomycota,Rhizophlyctidomycetes,Rhizophlyctidales,Rhizophlyctidaceae,Rhizophlyctis,Rhizophlyctis_rosea
923c42be3d019946f08d4e2dacb4bba5,k__Fungi; p__Rozellomycota; c__unidentified; o__unidentified; f__unidentified; g__unidentified; s__unidentified,Fungi,Rozellomycota,unidentified,unidentified,unidentified,unidentified,unidentified
926c2d3a10822d144f4985def5c87d58,k__Fungi; p__Chytridiomycota; c__Rhizophlyctidomycetes; o__Rhizophlyctidales; f__Rhizophlyctidaceae; g__Rhizophlyctis; s__Rhizophlyctis_rosea,Fungi,Chytridiomycota,Rhizophlyctidomycetes,Rhizophlyctidales,Rhizophlyctidaceae,Rhizophlyctis,Rhizophlyctis_rosea
93e12205d9f9026f40e25740a7ecf941,k__Fungi; p__Ascomycota; c__Sordariomycetes; o__Sordariales; f__Helminthosphaeriaceae; g__Endophragmiella; s__unidentified,Fungi,Ascomycota,Sordariomycetes,Sordariales,Helminthosphaeriaceae,Endophragmiella,unidentified
96a21969e09f955c2ee70453520b3297,k__Fungi; p__Mucoromycota; c__Mucoromycetes; o__Mucorales; f__Cunninghamellaceae; g__Absidia; s__Absidia_pseudocylindrospora,Fungi,Mucoromycota,Mucoromycetes,Mucorales,Cunninghamellaceae,Absidia,Absidia_pseudocylindrospora
970591a90aeb965c2c00c83d1cac19ee,k__Fungi; p__Ascomycota; c__Sordariomycetes; o__Hypocreales,Fungi,Ascomycota,Sordariomycetes,Hypocreales,,,
9a73fd2dda158906709342f2496d3535,k__Fungi; p__Ascomycota; c__Sordariomycetes; o__Hypocreales; f__Hypocreales_fam_Incertae_sedis; g__Sarocladium; s__Sarocladium_zeae,Fungi,Ascomycota,Sordariomycetes,Hypocreales,Hypocreales_fam_Incertae_sedis,Sarocladium,Sarocladium_zeae
9a8aaa2f13d3e505dbe4e3b262896273,k__Fungi; p__Ascomycota; c__Eurotiomycetes; o__Eurotiales; f__Aspergillaceae; g__Penicillium,Fungi,Ascomycota,Eurotiomycetes,Eurotiales,Aspergillaceae,Penicillium,
9a96d2ca260a9ece8846f26c08ad135a,k__Fungi,Fungi,,,,,,
9b2f8d4cb45e56b94c74e2b35c05b8d2,k__Fungi; p__Ascomycota; c__Dothideomycetes; o__Pleosporales; f__Pleosporales_fam_Incertae_sedis; g__Polyschema; s__Polyschema_larviformis,Fungi,Ascomycota,Dothideomycetes,Pleosporales,Pleosporales_fam_Incertae_sedis,Polyschema,Polyschema_larviformis
9c4ef94e0c23dd4f57ef3375fa3f3d9b,k__Fungi,Fungi,,,,,,
9d14dbbd28f1fa6604d2b4a3fdb3294b,k__Fungi; p__Ascomycota; c__Sordariomycetes; o__Sordariales; f__Lasiosphaeriaceae; g__Schizothecium; s__Schizothecium_dakotense,Fungi,Ascomycota,Sordariomycetes,Sordariales,Lasiosphaeriaceae,Schizothecium,Schizothecium_dakotense
9deb15addd5e1702054dc5a19ba897ed,k__Fungi; p__Ascomycota; c__Eurotiomycetes; o__Chaetothyriales; f__Herpotrichiellaceae; g__Cladophialophora; s__unidentified,Fungi,Ascomycota,Eurotiomycetes,Chaetothyriales,Herpotrichiellaceae,Cladophialophora,unidentified
9ef149af262a84fd0240d6cd3241aa23,k__Fungi; p__Ascomycota; c__Sordariomycetes; o__Hypocreales; f__Hypocreaceae; g__Trichoderma; s__Trichoderma_rifaii,Fungi,Ascomycota,Sordariomycetes,Hypocreales,Hypocreaceae,Trichoderma,Trichoderma_rifaii
9f46a9c64d1437831d180309fe8b65f7,k__Fungi,Fungi,,,,,,
a0b3046fc85f55b57aa8bf3039a9be74,k__Fungi; p__Ascomycota; c__Eurotiomycetes; o__Eurotiales; f__Aspergillaceae; g__Aspergillus,Fungi,Ascomycota,Eurotiomycetes,Eurotiales,Aspergillaceae,Aspergillus,
a2834092e61886ab7363c793afdd425a,k__Fungi; p__Ascomycota; c__Orbiliomycetes; o__unidentified; f__unidentified; g__unidentified; s__unidentified,Fungi,Ascomycota,Orbiliomycetes,unidentified,unidentified,unidentified,unidentified
a2dab2d7c90eaad3bb24786f2b594fd2,k__Fungi,Fungi,,,,,,
a2e4d4ade02c94bd6b9935c062e8bbc5,k__Fungi; p__Zoopagomycota; c__Zoopagomycetes; o__Zoopagales; f__Piptocephalidaceae; g__Syncephalis; s__unidentified,Fungi,Zoopagomycota,Zoopagomycetes,Zoopagales,Piptocephalidaceae,Syncephalis,unidentified
a3457e0dd5e52b485c51d448f61b7a61,k__Fungi,Fungi,,,,,,
a383b9549b1547e08029b6522d4ad518,k__Fungi; p__Basidiomycota; c__Agaricomycetes; o__Polyporales; f__Hyphodermataceae; g__Hyphoderma; s__Hyphoderma_setigerum,Fungi,Basidiomycota,Agaricomycetes,Polyporales,Hyphodermataceae,Hyphoderma,Hyphoderma_setigerum
a39bf67bd741b9af8468f6058d4d57fb,k__Fungi; p__Mucoromycota; c__Mucoromycetes; o__Mucorales; f__Cunninghamellaceae; g__Absidia; s__Absidia_pseudocylindrospora,Fungi,Mucoromycota,Mucoromycetes,Mucorales,Cunninghamellaceae,Absidia,Absidia_pseudocylindrospora
a3ee6c3afac903ab895177b7b5a99ea6,k__Fungi; p__Kickxellomycota; c__Kickxellomycetes; o__Kickxellales; f__Kickxellaceae; g__Spiromyces; s__unidentified,Fungi,Kickxellomycota,Kickxellomycetes,Kickxellales,Kickxellaceae,Spiromyces,unidentified
a4fc770e6adccbb83a64c50a54c572d0,k__Fungi,Fungi,,,,,,
a50b3514a8c0822bb3ed0ab9adf2eeea,k__Fungi; p__Basidiomycota; c__Agaricomycetes; o__Agaricales; f__Cystostereaceae; g__unidentified; s__unidentified,Fungi,Basidiomycota,Agaricomycetes,Agaricales,Cystostereaceae,unidentified,unidentified
a5b34c738e48a0829843f5b28279884e,k__Fungi; p__Ascomycota; c__Dothideomycetes; o__Pleosporales; f__Pleosporales_fam_Incertae_sedis; g__Pseudorobillarda; s__unidentified,Fungi,Ascomycota,Dothideomycetes,Pleosporales,Pleosporales_fam_Incertae_sedis,Pseudorobillarda,unidentified
a5bc2537f2256d031967db90c13f0a25,k__Fungi; p__Basidiomycota; c__Agaricomycetes,Fungi,Basidiomycota,Agaricomycetes,,,,
a63273a672f54238377371a52ac78a40,k__Fungi; p__Ascomycota; c__Sordariomycetes; o__Hypocreales; f__Stachybotryaceae; g__Achroiostachys; s__Achroiostachys_betulicola,Fungi,Ascomycota,Sordariomycetes,Hypocreales,Stachybotryaceae,Achroiostachys,Achroiostachys_betulicola
a6d519ec7b19bc2b01e6cadff820b5e7,k__Fungi; p__Basidiomycota; c__Agaricomycetes; o__Cantharellales; f__Ceratobasidiaceae; g__Waitea; s__unidentified,Fungi,Basidiomycota,Agaricomycetes,Cantharellales,Ceratobasidiaceae,Waitea,unidentified
a78969ad8549d9eda71e1deaaa5e31d8,k__Fungi; p__Basidiomycota; c__Agaricomycetes; o__Agaricales; f__Agaricaceae; g__unidentified; s__unidentified,Fungi,Basidiomycota,Agaricomycetes,Agaricales,Agaricaceae,unidentified,unidentified
a8735fca0bd77309f32a3d2e334d5185,k__Fungi; p__Basidiomycota; c__Agaricomycetes; o__Agaricales,Fungi,Basidiomycota,Agaricomycetes,Agaricales,,,
a9491c8466a91505a2d4971cec7433ad,k__Fungi; p__Kickxellomycota; c__Kickxellomycetes; o__Kickxellales; f__Kickxellaceae; g__Ramicandelaber; s__unidentified,Fungi,Kickxellomycota,Kickxellomycetes,Kickxellales,Kickxellaceae,Ramicandelaber,unidentified
a9bad49fa6605af14fcb875f8a4b357e,k__Fungi,Fungi,,,,,,
a9ff1d326c98591b85d55eca39300e3a,k__Fungi; p__Chytridiomycota; c__Rhizophlyctidomycetes; o__Rhizophlyctidales; f__Rhizophlyctidaceae; g__Rhizophlyctis; s__Rhizophlyctis_rosea,Fungi,Chytridiomycota,Rhizophlyctidomycetes,Rhizophlyctidales,Rhizophlyctidaceae,Rhizophlyctis,Rhizophlyctis_rosea
a9ff51034bac1606540ccaa9d5dfbbb4,k__Fungi; p__Basidiomycota; c__Agaricomycetes; o__Agaricales; f__Agaricaceae,Fungi,Basidiomycota,Agaricomycetes,Agaricales,Agaricaceae,,
aa10a28ef7da85d610d94fde1702776f,k__Fungi; p__Chytridiomycota; c__unidentified; o__unidentified; f__unidentified; g__unidentified; s__unidentified,Fungi,Chytridiomycota,unidentified,unidentified,unidentified,unidentified,unidentified
aa6a47fde4d3e95ab48d2eeff4f98212,k__Fungi; p__Ascomycota; c__Eurotiomycetes; o__Chaetothyriales; f__unidentified; g__unidentified; s__unidentified,Fungi,Ascomycota,Eurotiomycetes,Chaetothyriales,unidentified,unidentified,unidentified
abd1a9f0dfc70d8369d317f3b8ee8898,k__Fungi; p__Basidiomycota; c__Agaricomycetes; o__Agaricales; f__Psathyrellaceae; g__Psathyrella,Fungi,Basidiomycota,Agaricomycetes,Agaricales,Psathyrellaceae,Psathyrella,
ac16526b4398ee9edff4581bdbfb164f,k__Fungi; p__Ascomycota; c__Sordariomycetes; o__Hypocreales; f__Cordycipitaceae; g__Cordyceps; s__Cordyceps_fratricida,Fungi,Ascomycota,Sordariomycetes,Hypocreales,Cordycipitaceae,Cordyceps,Cordyceps_fratricida
ac8e4452c108b869f1c01f485dd85d58,k__Fungi; p__Ascomycota; c__Dothideomycetes,Fungi,Ascomycota,Dothideomycetes,,,,
ad435e6ebecc0f877ba481d351c69d72,k__Fungi; p__Ascomycota; c__Eurotiomycetes; o__Eurotiales; f__Aspergillaceae; g__Penicillium; s__Penicillium_megasporum,Fungi,Ascomycota,Eurotiomycetes,Eurotiales,Aspergillaceae,Penicillium,Penicillium_megasporum
afb34181b359b5aaf25ce8ede0a6c74f,k__Fungi; p__Ascomycota; c__Eurotiomycetes; o__Chaetothyriales; f__unidentified; g__unidentified; s__unidentified,Fungi,Ascomycota,Eurotiomycetes,Chaetothyriales,unidentified,unidentified,unidentified
b005b403633d77a0085bdc2494794dc7,k__Fungi; p__Mucoromycota; c__Mucoromycetes; o__Mucorales; f__Mucoraceae; g__Mucor; s__Mucor_velutinosus,Fungi,Mucoromycota,Mucoromycetes,Mucorales,Mucoraceae,Mucor,Mucor_velutinosus
b01566ee594bc7b776f3af73b7f5e0f5,k__Fungi; p__Ascomycota; c__Dothideomycetes; o__Pleosporales; f__Didymosphaeriaceae,Fungi,Ascomycota,Dothideomycetes,Pleosporales,Didymosphaeriaceae,,
b01b709a327e5167b28b31bd68264f16,k__Fungi,Fungi,,,,,,
b0343b0d6b52ea4803975d1ddf4cb248,k__Fungi; p__Basidiomycota; c__Agaricomycetes; o__Cantharellales; f__Ceratobasidiaceae,Fungi,Basidiomycota,Agaricomycetes,Cantharellales,Ceratobasidiaceae,,
b05a60571a2dac51d83513132a35604a,k__Fungi,Fungi,,,,,,
b108f12b2ba85fc144d86a0fc22f0a38,k__Fungi; p__Basidiomycota; c__Agaricomycetes; o__Agaricales; f__Entolomataceae; g__Entoloma,Fungi,Basidiomycota,Agaricomycetes,Agaricales,Entolomataceae,Entoloma,
b1b971d11422de484c49769f28da3088,k__Fungi; p__Basidiomycota; c__Agaricomycetes; o__Agaricales; f__Pluteaceae; g__Pluteus; s__Pluteus_longistriatus,Fungi,Basidiomycota,Agaricomycetes,Agaricales,Pluteaceae,Pluteus,Pluteus_longistriatus
b1f17c2c1a8a94e707518b2ecf807fd6,k__Fungi; p__Basidiomycota; c__Agaricomycetes; o__Tremellodendropsidales; f__unidentified; g__unidentified; s__unidentified,Fungi,Basidiomycota,Agaricomycetes,Tremellodendropsidales,unidentified,unidentified,unidentified
b286c0ca366b1e97749f8fdac0c5b5a1,k__Fungi; p__Ascomycota; c__Eurotiomycetes; o__Chaetothyriales; f__unidentified; g__unidentified; s__unidentified,Fungi,Ascomycota,Eurotiomycetes,Chaetothyriales,unidentified,unidentified,unidentified
b2bd3aa9afa0d9476dbc2c4e3f2b640c,k__Fungi; p__Basidiomycota; c__Agaricomycetes; o__Agaricales; f__Marasmiaceae; g__Marasmius; s__unidentified,Fungi,Basidiomycota,Agaricomycetes,Agaricales,Marasmiaceae,Marasmius,unidentified
b404eeeeb1c4f84bab77aecdbae09afb,k__Fungi; p__Ascomycota; c__Orbiliomycetes; o__unidentified; f__unidentified; g__unidentified; s__unidentified,Fungi,Ascomycota,Orbiliomycetes,unidentified,unidentified,unidentified,unidentified
b433415a155eb73a74868e8183cc9e9a,k__Fungi,Fungi,,,,,,
b45b338a5629fc619005c0045ba64e3c,k__Fungi; p__Basidiomycota; c__Agaricomycetes; o__Agaricales; f__Agaricaceae; g__Agaricus; s__Agaricus_subrufescens,Fungi,Basidiomycota,Agaricomycetes,Agaricales,Agaricaceae,Agaricus,Agaricus_subrufescens
b5123d593f24eae93fc017cdb4178849,k__Fungi; p__Ascomycota; c__Eurotiomycetes; o__Eurotiales; f__Aspergillaceae; g__Aspergillus; s__Aspergillus_purpureus,Fungi,Ascomycota,Eurotiomycetes,Eurotiales,Aspergillaceae,Aspergillus,Aspergillus_purpureus
b7671d0abd01abe0ba0fba76a68603f5,k__Fungi,Fungi,,,,,,
b81037e644057bb9a9de92ec5924e876,k__Fungi,Fungi,,,,,,
b83018ba1010ed939fe523629b872f61,k__Fungi; p__Basidiomycota; c__Agaricomycetes; o__Thelephorales; f__Thelephoraceae; g__Thelephora; s__Thelephora_terrestris,Fungi,Basidiomycota,Agaricomycetes,Thelephorales,Thelephoraceae,Thelephora,Thelephora_terrestris
b8ae3bfe25c311e75c64d8e3653db3c7,k__Fungi; p__Kickxellomycota; c__Kickxellomycetes; o__Kickxellales; f__Kickxellaceae; g__Ramicandelaber; s__unidentified,Fungi,Kickxellomycota,Kickxellomycetes,Kickxellales,Kickxellaceae,Ramicandelaber,unidentified
b8da05df04e35bdb413696064fcb41fb,k__Fungi; p__Basidiomycota; c__Malasseziomycetes; o__Malasseziales; f__Malasseziaceae; g__Malassezia; s__Malassezia_globosa,Fungi,Basidiomycota,Malasseziomycetes,Malasseziales,Malasseziaceae,Malassezia,Malassezia_globosa
b9bd7a61ff1c8a132d465704e741e13f,k__Fungi; p__Ascomycota; c__Sordariomycetes; o__Hypocreales; f__Cordycipitaceae; g__Lecanicillium; s__Lecanicillium_saksenae,Fungi,Ascomycota,Sordariomycetes,Hypocreales,Cordycipitaceae,Lecanicillium,Lecanicillium_saksenae
b9d526372a5eed95cb0ce5828948d38e,k__Fungi; p__Mortierellomycota; c__Mortierellomycetes; o__Mortierellales; f__Mortierellaceae; g__Mortierella; s__Mortierella_ambigua,Fungi,Mortierellomycota,Mortierellomycetes,Mortierellales,Mortierellaceae,Mortierella,Mortierella_ambigua
b9e1f0c278a98e8ca520485255c35e16,k__Fungi; p__Basidiomycota; c__Agaricomycetes; o__Agaricales; f__Stephanosporaceae; g__Lindtneria; s__Lindtneria_leucobryophila,Fungi,Basidiomycota,Agaricomycetes,Agaricales,Stephanosporaceae,Lindtneria,Lindtneria_leucobryophila
bb289c1103a8b9fd1c6a100d850ddd59,k__Fungi; p__Ascomycota; c__Dothideomycetes; o__Dothideales; f__Aureobasidiaceae,Fungi,Ascomycota,Dothideomycetes,Dothideales,Aureobasidiaceae,,
bcb68a0371e00837498dc02f75d811db,k__Fungi; p__Basidiomycota; c__Agaricomycetes; o__Agaricales; f__Entolomataceae; g__Entoloma,Fungi,Basidiomycota,Agaricomycetes,Agaricales,Entolomataceae,Entoloma,
bdb1e01db46df3e11fce7aa973c4b207,k__Fungi; p__Ascomycota; c__Orbiliomycetes; o__Orbiliales; f__Orbiliaceae; g__Orbilia; s__unidentified,Fungi,Ascomycota,Orbiliomycetes,Orbiliales,Orbiliaceae,Orbilia,unidentified
be4cbd581a1cf90fd925f15ab686c93d,k__Fungi; p__Ascomycota; c__Orbiliomycetes; o__Orbiliales; f__Orbiliaceae; g__Dactylella; s__Dactylella_lysipaga,Fungi,Ascomycota,Orbiliomycetes,Orbiliales,Orbiliaceae,Dactylella,Dactylella_lysipaga
bfed3055b79005466311707578d98d7f,k__Fungi; p__Mucoromycota; c__Mucoromycetes; o__Mucorales; f__Mucoraceae; g__Mucor; s__Mucor_irregularis,Fungi,Mucoromycota,Mucoromycetes,Mucorales,Mucoraceae,Mucor,Mucor_irregularis
c0944fd1288e1fdcb33c7abb322dae15,k__Fungi; p__Basidiomycota; c__Agaricomycetes; o__Polyporales,Fungi,Basidiomycota,Agaricomycetes,Polyporales,,,
c0b948540cbfac710659eb2eb99ee646,k__Fungi; p__Basidiomycota; c__Agaricomycetes; o__Agaricales; f__Tricholomataceae; g__Calyptella; s__Calyptella_capula,Fungi,Basidiomycota,Agaricomycetes,Agaricales,Tricholomataceae,Calyptella,Calyptella_capula
c148811df3901d1dc946852ed4f9b2d7,k__Fungi; p__Basidiomycota; c__Agaricomycetes; o__Hymenochaetales; f__Hymenochaetales_fam_Incertae_sedis; g__Peniophorella; s__Peniophorella_praetermissa,Fungi,Basidiomycota,Agaricomycetes,Hymenochaetales,Hymenochaetales_fam_Incertae_sedis,Peniophorella,Peniophorella_praetermissa
c1c06b987b5fc8eacde84c6653aa7cd0,k__Fungi; p__Basidiomycota; c__Agaricomycetes; o__Cantharellales; f__Ceratobasidiaceae; g__Thanatephorus; s__Thanatephorus_cucumeris,Fungi,Basidiomycota,Agaricomycetes,Cantharellales,Ceratobasidiaceae,Thanatephorus,Thanatephorus_cucumeris
c32b039ca70db388db3597f04042e451,k__Fungi; p__Basidiomycota; c__Agaricomycetes; o__Trechisporales; f__Hydnodontaceae; g__Trechispora; s__unidentified,Fungi,Basidiomycota,Agaricomycetes,Trechisporales,Hydnodontaceae,Trechispora,unidentified
c3bedba4c2d4d2d14d707178c03261e5,k__Fungi; p__Ascomycota; c__Pezizomycetes; o__Pezizales; f__Pezizaceae; g__Terfezia; s__unidentified,Fungi,Ascomycota,Pezizomycetes,Pezizales,Pezizaceae,Terfezia,unidentified
c3fcca2e231f576d7f83102021530c3f,k__Fungi; p__Entomophthoromycota; c__Entomophthoromycetes; o__Entomophthorales; f__Ancylistaceae; g__Conidiobolus; s__Conidiobolus_coronatus,Fungi,Entomophthoromycota,Entomophthoromycetes,Entomophthorales,Ancylistaceae,Conidiobolus,Conidiobolus_coronatus
c43815b6ec96a2c124c2cf94da93d63d,k__Fungi; p__Basidiomycota; c__Agaricomycetes; o__Sebacinales,Fungi,Basidiomycota,Agaricomycetes,Sebacinales,,,
c528fb6d8a7b1538e9d6b2f3a98c780f,k__Fungi; p__Ascomycota; c__Sordariomycetes; o__Xylariales; f__Xylariaceae; g__Hypoxylon; s__Hypoxylon_trugodes,Fungi,Ascomycota,Sordariomycetes,Xylariales,Xylariaceae,Hypoxylon,Hypoxylon_trugodes
c605a03d8e05d1c031aa0d8db8e57243,k__Fungi; p__Ascomycota; c__Eurotiomycetes; o__Chaetothyriales; f__unidentified; g__unidentified; s__unidentified,Fungi,Ascomycota,Eurotiomycetes,Chaetothyriales,unidentified,unidentified,unidentified
c6feb848b18bbe3b297dd3b5ea122248,k__Fungi; p__Ascomycota; c__Eurotiomycetes; o__Eurotiales; f__unidentified; g__unidentified; s__unidentified,Fungi,Ascomycota,Eurotiomycetes,Eurotiales,unidentified,unidentified,unidentified
c79fb72ce337dbee979e2fbcfd0959e4,k__Fungi; p__Ascomycota; c__Sordariomycetes; o__Microascales; f__Microascaceae; g__unidentified; s__unidentified,Fungi,Ascomycota,Sordariomycetes,Microascales,Microascaceae,unidentified,unidentified
c7cdccbbc385c14ee5b4a81660066d70,k__Fungi; p__Ascomycota; c__Eurotiomycetes; o__Chaetothyriales; f__Herpotrichiellaceae,Fungi,Ascomycota,Eurotiomycetes,Chaetothyriales,Herpotrichiellaceae,,
c83185df8dc08d3dbf8ea7de93d58b79,k__Fungi; p__Ascomycota; c__Eurotiomycetes; o__Chaetothyriales; f__Herpotrichiellaceae; g__Cladophialophora; s__unidentified,Fungi,Ascomycota,Eurotiomycetes,Chaetothyriales,Herpotrichiellaceae,Cladophialophora,unidentified
c8d5831b9d4435bc572d7eb5627af45a,k__Fungi; p__Ascomycota; c__Dothideomycetes; o__Tubeufiales; f__Tubeufiaceae; g__unidentified; s__unidentified,Fungi,Ascomycota,Dothideomycetes,Tubeufiales,Tubeufiaceae,unidentified,unidentified
c93ae88e40295a34bc7ed28ea1f23d58,k__Fungi; p__Basidiomycota; c__Agaricomycetes; o__Agaricales; f__unidentified; g__unidentified; s__unidentified,Fungi,Basidiomycota,Agaricomycetes,Agaricales,unidentified,unidentified,unidentified
cb60f2eada808c0011720bb269918913,k__Fungi; p__Ascomycota; c__Dothideomycetes; o__Dothideales; f__Aureobasidiaceae; g__Aureobasidium; s__Aureobasidium_namibiae,Fungi,Ascomycota,Dothideomycetes,Dothideales,Aureobasidiaceae,Aureobasidium,Aureobasidium_namibiae
cbe9721d673d8051d72223936bf01220,k__Fungi; p__Basidiomycota; c__Agaricomycetes; o__Trechisporales; f__unidentified; g__unidentified; s__unidentified,Fungi,Basidiomycota,Agaricomycetes,Trechisporales,unidentified,unidentified,unidentified
cdaedb90cde08bc37701b42329d7f0aa,k__Fungi; p__Ascomycota; c__Eurotiomycetes; o__Chaetothyriales; f__Herpotrichiellaceae; g__Exophiala; s__Exophiala_spinifera,Fungi,Ascomycota,Eurotiomycetes,Chaetothyriales,Herpotrichiellaceae,Exophiala,Exophiala_spinifera
d0e524eaedf3b101de4062bea8d3dfb1,k__Fungi; p__Chytridiomycota; c__unidentified; o__unidentified; f__unidentified; g__unidentified; s__unidentified,Fungi,Chytridiomycota,unidentified,unidentified,unidentified,unidentified,unidentified
d17dd4eafe44a90e21c964aaa344c07f,k__Fungi; p__Basidiomycota; c__Geminibasidiomycetes; o__Geminibasidiales; f__Geminibasidiaceae; g__Geminibasidium; s__unidentified,Fungi,Basidiomycota,Geminibasidiomycetes,Geminibasidiales,Geminibasidiaceae,Geminibasidium,unidentified
d1aa87929c1081df5a35a91f3613567c,k__Fungi; p__Ascomycota; c__Dothideomycetes; o__Pleosporales; f__Didymosphaeriaceae; g__Paraconiothyrium; s__Paraconiothyrium_archidendri,Fungi,Ascomycota,Dothideomycetes,Pleosporales,Didymosphaeriaceae,Paraconiothyrium,Paraconiothyrium_archidendri
d33c4d38e1c4155ff82d732e4c9e816b,k__Fungi; p__Mucoromycota; c__Mucoromycetes; o__Mucorales; f__Cunninghamellaceae; g__Cunninghamella; s__Cunninghamella_echinulata,Fungi,Mucoromycota,Mucoromycetes,Mucorales,Cunninghamellaceae,Cunninghamella,Cunninghamella_echinulata
d36a3ded1bba745ca7b935be9e2fb75e,k__Fungi; p__Basidiomycota; c__Ustilaginomycetes; o__Ustilaginales; f__Ustilaginaceae,Fungi,Basidiomycota,Ustilaginomycetes,Ustilaginales,Ustilaginaceae,,
d39ef93b461603bffd137599a8643ed6,k__Fungi; p__Basidiomycota; c__Ustilaginomycetes; o__Ustilaginales; f__Ustilaginaceae; g__Pseudozyma; s__unidentified,Fungi,Basidiomycota,Ustilaginomycetes,Ustilaginales,Ustilaginaceae,Pseudozyma,unidentified
d3d333bca0387edfbff2a61e611eadb1,k__Fungi; p__Kickxellomycota; c__Kickxellomycetes; o__Kickxellales; f__Kickxellaceae; g__Ramicandelaber; s__Ramicandelaber_brevisporus,Fungi,Kickxellomycota,Kickxellomycetes,Kickxellales,Kickxellaceae,Ramicandelaber,Ramicandelaber_brevisporus
d49c5e9f65c67197f781281a339100b3,k__Fungi; p__Ascomycota; c__Sordariomycetes; o__Hypocreales; f__Hypocreaceae; g__Trichoderma,Fungi,Ascomycota,Sordariomycetes,Hypocreales,Hypocreaceae,Trichoderma,
d51bab036262f50c1da151ddf6826cd0,k__Fungi; p__Basidiomycota; c__Agaricomycetes; o__Agaricales; f__Agaricaceae; g__unidentified; s__unidentified,Fungi,Basidiomycota,Agaricomycetes,Agaricales,Agaricaceae,unidentified,unidentified
d52e352d7e785de5e0aa52ecd93ac60e,k__Fungi; p__Basidiomycota; c__Agaricomycetes,Fungi,Basidiomycota,Agaricomycetes,,,,
d54e80826d65f0cb6f076545b192b915,k__Fungi; p__Ascomycota; c__Dothideomycetes; o__Pleosporales; f__Didymosphaeriaceae; g__Paraphaeosphaeria; s__unidentified,Fungi,Ascomycota,Dothideomycetes,Pleosporales,Didymosphaeriaceae,Paraphaeosphaeria,unidentified
d5cabac3d41654eb1748bea6d68ce16b,k__Fungi; p__Ascomycota; c__Dothideomycetes; o__Pleosporales; f__Pleosporales_fam_Incertae_sedis; g__Pseudorobillarda; s__unidentified,Fungi,Ascomycota,Dothideomycetes,Pleosporales,Pleosporales_fam_Incertae_sedis,Pseudorobillarda,unidentified
d6144f122584772ea501c6dfc35d3052,k__Fungi; p__Ascomycota; c__Dothideomycetes; o__Botryosphaeriales; f__Aplosporellaceae; g__Aplosporella,Fungi,Ascomycota,Dothideomycetes,Botryosphaeriales,Aplosporellaceae,Aplosporella,
d6212d8ab8406fc7e4d6e8ecebdb5064,k__Fungi; p__Basidiomycota; c__Agaricomycetes; o__Agaricales; f__Marasmiaceae; g__Marasmius,Fungi,Basidiomycota,Agaricomycetes,Agaricales,Marasmiaceae,Marasmius,
d68e19a41b928aaa240d69060e8fe618,k__Fungi; p__Basidiomycota; c__Agaricomycetes; o__Agaricales; f__Nidulariaceae; g__Cyathus; s__unidentified,Fungi,Basidiomycota,Agaricomycetes,Agaricales,Nidulariaceae,Cyathus,unidentified
d6bbfc63eec60348b6a1677f4a141d97,k__Fungi; p__Basidiomycota; c__Agaricomycetes; o__Agaricales,Fungi,Basidiomycota,Agaricomycetes,Agaricales,,,
d6c2a47eaf31b655cc2e0def4e2c1268,k__Fungi; p__Basidiomycota; c__Agaricomycetes; o__Agaricales; f__Omphalotaceae; g__Marasmiellus,Fungi,Basidiomycota,Agaricomycetes,Agaricales,Omphalotaceae,Marasmiellus,
d779f31f6ef15737a057f9eb9d1832b4,k__Fungi; p__Ascomycota; c__Dothideomycetes; o__Pleosporales; f__Phaeosphaeriaceae; g__Sclerostagonospora; s__Sclerostagonospora_lathyri,Fungi,Ascomycota,Dothideomycetes,Pleosporales,Phaeosphaeriaceae,Sclerostagonospora,Sclerostagonospora_lathyri
d7ba9d8d6905166d98fb0d73fac8ca11,k__Fungi; p__Chytridiomycota; c__unidentified; o__unidentified; f__unidentified; g__unidentified; s__unidentified,Fungi,Chytridiomycota,unidentified,unidentified,unidentified,unidentified,unidentified
d8bf5af407dff6831db9257be4b98a34,k__Fungi; p__Ascomycota; c__Sordariomycetes; o__Hypocreales; f__Cordycipitaceae; g__Cordyceps; s__Cordyceps_cardinalis,Fungi,Ascomycota,Sordariomycetes,Hypocreales,Cordycipitaceae,Cordyceps,Cordyceps_cardinalis
d9208af6941501a784e080dab5bcad60,k__Fungi; p__Ascomycota; c__Dothideomycetes; o__Pleosporales; f__Thyridariaceae; g__Roussoella; s__Roussoella_solani,Fungi,Ascomycota,Dothideomycetes,Pleosporales,Thyridariaceae,Roussoella,Roussoella_solani
d9b4bf5ffca81b7c59725f9bd4e6b1c8,k__Fungi; p__Ascomycota; c__Dothideomycetes; o__Pleosporales,Fungi,Ascomycota,Dothideomycetes,Pleosporales,,,
d9d6ad13fb221da0a88add8d0e774ee5,k__Fungi; p__Mortierellomycota; c__Mortierellomycetes; o__Mortierellales; f__Mortierellaceae; g__Mortierella; s__Mortierella_capitata,Fungi,Mortierellomycota,Mortierellomycetes,Mortierellales,Mortierellaceae,Mortierella,Mortierella_capitata
da31d1079ac7be0cc262a8255bf2def3,k__Fungi; p__Ascomycota; c__Eurotiomycetes; o__Eurotiales; f__Aspergillaceae; g__Aspergillus; s__Aspergillus_brasiliensis,Fungi,Ascomycota,Eurotiomycetes,Eurotiales,Aspergillaceae,Aspergillus,Aspergillus_brasiliensis
da8c32a505b0032130920ea80fd68a40,k__Fungi,Fungi,,,,,,
daa2d0627a55e99adfc64f955dec0681,k__Fungi; p__Basidiomycota; c__Agaricomycetes; o__unidentified; f__unidentified; g__unidentified; s__unidentified,Fungi,Basidiomycota,Agaricomycetes,unidentified,unidentified,unidentified,unidentified
db589af778c24edf726b13c1d5b9f463,k__Fungi; p__Mucoromycota; c__Mucoromycetes; o__Mucorales; f__Cunninghamellaceae; g__Gongronella; s__Gongronella_butleri,Fungi,Mucoromycota,Mucoromycetes,Mucorales,Cunninghamellaceae,Gongronella,Gongronella_butleri
db5b3d161fe270460cd98a13f666380d,k__Fungi; p__Basidiomycota; c__Agaricomycetes; o__Agaricales; f__Stephanosporaceae; g__Lindtneria,Fungi,Basidiomycota,Agaricomycetes,Agaricales,Stephanosporaceae,Lindtneria,
dc0c57e2d4118ca6f98a5f7722786038,k__Fungi; p__Ascomycota; c__Dothideomycetes; o__Pleosporales; f__Didymosphaeriaceae; g__Paraconiothyrium; s__Paraconiothyrium_archidendri,Fungi,Ascomycota,Dothideomycetes,Pleosporales,Didymosphaeriaceae,Paraconiothyrium,Paraconiothyrium_archidendri
dc2df034f76b6471c9b02c1208563740,k__Fungi; p__Basidiomycota; c__Agaricomycetes; o__Polyporales; f__Meruliaceae; g__Candelabrochaete; s__Candelabrochaete_langloisii,Fungi,Basidiomycota,Agaricomycetes,Polyporales,Meruliaceae,Candelabrochaete,Candelabrochaete_langloisii
dc5dd62e48bd0a9f0613eeb656a5f9b8,k__Fungi; p__Entomophthoromycota; c__Entomophthoromycetes; o__Entomophthorales; f__Ancylistaceae; g__Conidiobolus; s__Conidiobolus_coronatus,Fungi,Entomophthoromycota,Entomophthoromycetes,Entomophthorales,Ancylistaceae,Conidiobolus,Conidiobolus_coronatus
dc748b9f591722e264fe86058c80f4c6,k__Fungi; p__Ascomycota; c__Eurotiomycetes; o__Eurotiales; f__Aspergillaceae; g__Aspergillus,Fungi,Ascomycota,Eurotiomycetes,Eurotiales,Aspergillaceae,Aspergillus,
dcbb5b32dc891844acf42eeae570fa0f,k__Fungi; p__Ascomycota; c__Eurotiomycetes; o__Chaetothyriales; f__Herpotrichiellaceae; g__Cladophialophora; s__unidentified,Fungi,Ascomycota,Eurotiomycetes,Chaetothyriales,Herpotrichiellaceae,Cladophialophora,unidentified
df89b4542ba917d30b2ac13eb7945a2e,k__Fungi; p__Basidiomycota; c__Agaricomycetes; o__Cantharellales; f__Ceratobasidiaceae,Fungi,Basidiomycota,Agaricomycetes,Cantharellales,Ceratobasidiaceae,,
df94fcad8963c5706a54cb8c8b3f35e8,k__Fungi; p__Basidiomycota; c__Agaricomycetes; o__unidentified; f__unidentified; g__unidentified; s__unidentified,Fungi,Basidiomycota,Agaricomycetes,unidentified,unidentified,unidentified,unidentified
e052946ca8aa2dac1edd9ff0198c8351,k__Fungi; p__Ascomycota; c__Dothideomycetes,Fungi,Ascomycota,Dothideomycetes,,,,
e0723eca251823b93730fe7aceb43a6a,k__Fungi; p__Ascomycota; c__Sordariomycetes; o__Glomerellales; f__Glomerellaceae; g__Colletotrichum; s__Colletotrichum_cliviae,Fungi,Ascomycota,Sordariomycetes,Glomerellales,Glomerellaceae,Colletotrichum,Colletotrichum_cliviae
e096fadd1f6974f87552f622c74ffe66,k__Fungi; p__Basidiomycota,Fungi,Basidiomycota,,,,,
e10fb5f3553842605949be2ce9ecb322,k__Fungi; p__Basidiomycota; c__Agaricomycetes; o__Thelephorales; f__Thelephoraceae; g__Amaurodon; s__unidentified,Fungi,Basidiomycota,Agaricomycetes,Thelephorales,Thelephoraceae,Amaurodon,unidentified
e117d71f08576364d72d5267a9cff5fc,k__Fungi; p__Ascomycota,Fungi,Ascomycota,,,,,
e2eeabd193502e6253ee6cf3cee8ac07,k__Fungi; p__Ascomycota; c__Dothideomycetes; o__Venturiales; f__Sympoventuriaceae; g__Scolecobasidium; s__Scolecobasidium_constrictum,Fungi,Ascomycota,Dothideomycetes,Venturiales,Sympoventuriaceae,Scolecobasidium,Scolecobasidium_constrictum
e38660d701cadec790855a9d291bc772,k__Fungi; p__Basidiomycota; c__Agaricomycetes; o__Polyporales; f__Ganodermataceae; g__Truncospora; s__Truncospora_macrospora,Fungi,Basidiomycota,Agaricomycetes,Polyporales,Ganodermataceae,Truncospora,Truncospora_macrospora
e3a8bab8b511bd948a86bb129dd6cac3,k__Fungi,Fungi,,,,,,
e439a48368b47f2f989e45370c9271a8,k__Fungi; p__Chytridiomycota; c__Spizellomycetes; o__Spizellomycetales; f__Spizellomycetaceae; g__Spizellomyces; s__Spizellomyces_punctatus,Fungi,Chytridiomycota,Spizellomycetes,Spizellomycetales,Spizellomycetaceae,Spizellomyces,Spizellomyces_punctatus
e46ea4fb6a298e8966150b1767faf46e,k__Fungi; p__Chytridiomycota; c__unidentified; o__unidentified; f__unidentified; g__unidentified; s__unidentified,Fungi,Chytridiomycota,unidentified,unidentified,unidentified,unidentified,unidentified
e520a48fa34a34a5c2b8571a86bf9842,k__Fungi; p__Ascomycota; c__Eurotiomycetes; o__Eurotiales; f__Trichocomaceae; g__Talaromyces; s__Talaromyces_wortmannii,Fungi,Ascomycota,Eurotiomycetes,Eurotiales,Trichocomaceae,Talaromyces,Talaromyces_wortmannii
e57af05be69f6ff4a1975c142eafa1db,k__Fungi; p__Chytridiomycota; c__Rhizophlyctidomycetes; o__Rhizophlyctidales; f__Rhizophlyctidaceae; g__Rhizophlyctis; s__Rhizophlyctis_rosea,Fungi,Chytridiomycota,Rhizophlyctidomycetes,Rhizophlyctidales,Rhizophlyctidaceae,Rhizophlyctis,Rhizophlyctis_rosea
e63ad73838bf9dc4e827931f1d9e5e44,k__Fungi; p__Ascomycota; c__Sordariomycetes; o__Sordariales; f__Lasiosphaeriaceae; g__Schizothecium,Fungi,Ascomycota,Sordariomycetes,Sordariales,Lasiosphaeriaceae,Schizothecium,
e6692a6b2fc4dd48706ca901e3d676c6,k__Fungi; p__Basidiomycota; c__Agaricomycetes; o__Cantharellales; f__Ceratobasidiaceae,Fungi,Basidiomycota,Agaricomycetes,Cantharellales,Ceratobasidiaceae,,
e7e4983626fad614b7e23aa66f584f79,k__Fungi; p__Ascomycota; c__Eurotiomycetes; o__Chaetothyriales; f__Herpotrichiellaceae; g__Melanoctona; s__Melanoctona_tectonae,Fungi,Ascomycota,Eurotiomycetes,Chaetothyriales,Herpotrichiellaceae,Melanoctona,Melanoctona_tectonae
e862d3518db7eb0aa83e491898ed51ef,k__Fungi; p__Ascomycota; c__Eurotiomycetes; o__Eurotiales; f__Aspergillaceae; g__Penicillium,Fungi,Ascomycota,Eurotiomycetes,Eurotiales,Aspergillaceae,Penicillium,
e8e867b754c45c8f1e10206d3e2f937f,k__Fungi; p__Basidiomycota; c__Agaricomycetes; o__Russulales; f__Auriscalpiaceae; g__Gloeodontia; s__Gloeodontia_eriobotryae,Fungi,Basidiomycota,Agaricomycetes,Russulales,Auriscalpiaceae,Gloeodontia,Gloeodontia_eriobotryae
e9e14fe773a4e2ee858c8680c39a6bff,k__Fungi; p__Basidiomycota; c__Agaricomycetes; o__Cantharellales; f__Ceratobasidiaceae,Fungi,Basidiomycota,Agaricomycetes,Cantharellales,Ceratobasidiaceae,,
ea70e1542148fe32074aff885771581e,k__Fungi; p__Basidiomycota; c__Agaricomycetes; o__Polyporales; f__Xenasmataceae; g__Xenasmatella; s__Xenasmatella_ardosiaca,Fungi,Basidiomycota,Agaricomycetes,Polyporales,Xenasmataceae,Xenasmatella,Xenasmatella_ardosiaca
eafa0283cc44b3ec2b50205483e799e9,k__Fungi; p__Basidiomycota; c__Agaricomycetes; o__Agaricales; f__Entolomataceae; g__Clitopilus,Fungi,Basidiomycota,Agaricomycetes,Agaricales,Entolomataceae,Clitopilus,
eb86b16ec888d34eec53c1c4597d03cc,k__Fungi; p__Chytridiomycota; c__Chytridiomycetes; o__Chytridiales; f__Chytridiaceae; g__unidentified; s__unidentified,Fungi,Chytridiomycota,Chytridiomycetes,Chytridiales,Chytridiaceae,unidentified,unidentified
eb92906372f642efe7aaed4667eb161c,k__Fungi; p__Basidiomycota; c__Agaricomycetes; o__Agaricales; f__Psathyrellaceae; g__Coprinopsis; s__Coprinopsis_scobicola,Fungi,Basidiomycota,Agaricomycetes,Agaricales,Psathyrellaceae,Coprinopsis,Coprinopsis_scobicola
eb9895a972dd67e6edc5ff6716fb5874,k__Fungi; p__Ascomycota; c__Eurotiomycetes; o__Chaetothyriales; f__Herpotrichiellaceae; g__Phialophora; s__Phialophora_livistonae,Fungi,Ascomycota,Eurotiomycetes,Chaetothyriales,Herpotrichiellaceae,Phialophora,Phialophora_livistonae
ed799a1978a5bfa738e9293e15f7afcc,k__Fungi; p__Ascomycota; c__Sordariomycetes,Fungi,Ascomycota,Sordariomycetes,,,,
edc0fbd9c82ce5c8f15c093f93683a67,k__Fungi; p__Ascomycota; c__Dothideomycetes; o__Pleosporales; f__Pleosporaceae; g__Curvularia,Fungi,Ascomycota,Dothideomycetes,Pleosporales,Pleosporaceae,Curvularia,
ef2e24ca4dac01d50b7b0346a0ccd728,k__Fungi,Fungi,,,,,,
f04a0878e808840510377107e211dad7,k__Fungi; p__Basidiomycota; c__Agaricomycetes,Fungi,Basidiomycota,Agaricomycetes,,,,
f087a13a5a960211aee3453109e18cbb,k__Fungi; p__Ascomycota; c__Dothideomycetes; o__Pleosporales; f__Pleosporales_fam_Incertae_sedis; g__Polyschema; s__Polyschema_sclerotigenum,Fungi,Ascomycota,Dothideomycetes,Pleosporales,Pleosporales_fam_Incertae_sedis,Polyschema,Polyschema_sclerotigenum
f2f4712fc254451921e6b33de243ff1d,k__Fungi; p__Basidiomycota; c__Agaricomycetes; o__Agaricales; f__Hygrophoraceae; g__Hygrocybe; s__Hygrocybe_nigrescens,Fungi,Basidiomycota,Agaricomycetes,Agaricales,Hygrophoraceae,Hygrocybe,Hygrocybe_nigrescens
f34acfae05e5635a71e9b13073cd453d,k__Fungi; p__Basidiomycota; c__Agaricomycetes; o__Agaricales; f__Entolomataceae; g__Clitopilus; s__Clitopilus_prunulus,Fungi,Basidiomycota,Agaricomycetes,Agaricales,Entolomataceae,Clitopilus,Clitopilus_prunulus
f350921728654734559bfe560376d2a4,k__Fungi; p__Ascomycota; c__Eurotiomycetes; o__Chaetothyriales; f__unidentified; g__unidentified; s__unidentified,Fungi,Ascomycota,Eurotiomycetes,Chaetothyriales,unidentified,unidentified,unidentified
f3811efd3be0cef85f370c1e03d6f4d6,k__Fungi; p__Basidiomycota,Fungi,Basidiomycota,,,,,
f3b2c53d6705dcb7cbf8e537f8b5233a,k__Fungi; p__Ascomycota; c__Dothideomycetes; o__Pleosporales; f__Pleosporales_fam_Incertae_sedis; g__Pseudorobillarda; s__unidentified,Fungi,Ascomycota,Dothideomycetes,Pleosporales,Pleosporales_fam_Incertae_sedis,Pseudorobillarda,unidentified
f4c50337732b7dba0a868750df7d67b3,k__Fungi; p__Basidiomycota; c__Agaricomycetes; o__Agaricales; f__Lycoperdaceae; g__Holocotylon; s__Holocotylon_brandegeeanum,Fungi,Basidiomycota,Agaricomycetes,Agaricales,Lycoperdaceae,Holocotylon,Holocotylon_brandegeeanum
f54992a17b323372faa1b894d207c102,k__Fungi; p__Ascomycota; c__Eurotiomycetes; o__Chaetothyriales; f__Herpotrichiellaceae; g__Cladophialophora; s__Cladophialophora_chaetospira,Fungi,Ascomycota,Eurotiomycetes,Chaetothyriales,Herpotrichiellaceae,Cladophialophora,Cladophialophora_chaetospira
f5d7ba5dfc6b8efe4dd5ec6fd6939ff8,k__Fungi; p__Ascomycota; c__Pezizomycetes; o__Pezizales; f__unidentified; g__unidentified; s__unidentified,Fungi,Ascomycota,Pezizomycetes,Pezizales,unidentified,unidentified,unidentified
f706d36bed4b5ac3041baef092a6be26,k__Fungi; p__Ascomycota; c__Sordariomycetes; o__Hypocreales; f__Hypocreaceae; g__Trichoderma; s__Trichoderma_aerugineum,Fungi,Ascomycota,Sordariomycetes,Hypocreales,Hypocreaceae,Trichoderma,Trichoderma_aerugineum
fb8debc4c6d8ccb0a78a15725f542a9c,k__Fungi; p__Zoopagomycota; c__Zoopagomycetes; o__Zoopagales; f__Piptocephalidaceae; g__Syncephalis; s__unidentified,Fungi,Zoopagomycota,Zoopagomycetes,Zoopagales,Piptocephalidaceae,Syncephalis,unidentified
fc4e9fdb0cf70934ebb08d03811488e5,k__Fungi; p__Ascomycota; c__Eurotiomycetes; o__Chaetothyriales; f__unidentified; g__unidentified; s__unidentified,Fungi,Ascomycota,Eurotiomycetes,Chaetothyriales,unidentified,unidentified,unidentified
fd18a587f77b9c853f76a34fe54f8c7b,k__Fungi; p__Ascomycota; c__Sordariomycetes; o__Microascales; f__Microascaceae; g__Microascus; s__Microascus_brevicaulis,Fungi,Ascomycota,Sordariomycetes,Microascales,Microascaceae,Microascus,Microascus_brevicaulis
fe346cdb446b31d0282792e173b1cff8,k__Fungi,Fungi,,,,,,
fe68ce3c41524c0b42b67a8ad875ff45,k__Fungi; p__Ascomycota; c__Eurotiomycetes; o__Eurotiales; f__Trichocomaceae; g__Talaromyces,Fungi,Ascomycota,Eurotiomycetes,Eurotiales,Trichocomaceae,Talaromyces,
fed4632cdd5fc2cf56c7c8df6c825ce0,k__Fungi; p__Basidiomycota,Fungi,Basidiomycota,,,,,
ff1011d3b61fea13547396a2a3eb190a,k__Fungi; p__Basidiomycota; c__Agaricomycetes; o__Trechisporales; f__Hydnodontaceae; g__Trechispora; s__unidentified,Fungi,Basidiomycota,Agaricomycetes,Trechisporales,Hydnodontaceae,Trechispora,unidentified
ff658e21c79fb6034bd2fbe1c30dd5a6,k__Fungi; p__Basidiomycota,Fungi,Basidiomycota,,,,,
ff7388bcd9469dc95d47f0dfda4b57c8,k__Fungi; p__Ascomycota; c__Saccharomycetes; o__Saccharomycetales; f__Debaryomycetaceae; g__Meyerozyma; s__Meyerozyma_caribbica,Fungi,Ascomycota,Saccharomycetes,Saccharomycetales,Debaryomycetaceae,Meyerozyma,Meyerozyma_caribbica