SampleID	SampleNumber	PrimerNumber	BarcodeSequence	SoilSampling	Replication	CropCycle	CropCycle2	Crop	Soil	CropSoil	CycleSoil	Cycle	TimePoint	StudyID	StudyID2
Bac.1.H.A.K	19	115	ACTCGCTAAGCTGCTA	Harvesting	A	C1	C1c	Mustard_cabbage	Cultivated	Kaichoy_cultivated	C1_cultivated	1	2	1	5
Bac.1.H.B.K	21	117	CTCGATGAAGCTGCTA	Harvesting	B	C1	C1c	Mustard_cabbage	Cultivated	Kaichoy_cultivated	C1_cultivated	1	2	2	6
Bac.1.H.C.K	28	124	ACACGCAGCATAGAGA	Harvesting	C	C1	C1c	Mustard_cabbage	Cultivated	Kaichoy_cultivated	C1_cultivated	1	2	3	7
Bac.1.H.D.K	29	125	CTCGATGACATAGAGA	Harvesting	D	C1	C1c	Mustard_cabbage	Cultivated	Kaichoy_cultivated	C1_cultivated	1	2	4	8
Bac.1.H.A.L	17	113	CGTACGATAGCTGCTA	Harvesting	A	C1	C1c	Lettuce	Cultivated	Lettuce_cultivated	C1_cultivated	1	2	5	13
Bac.1.H.B.L	24	120	ACGGTGTCAGCTGCTA	Harvesting	B	C1	C1c	Lettuce	Cultivated	Lettuce_cultivated	C1_cultivated	1	2	6	14
Bac.1.H.C.L	25	121	CGTACGATCATAGAGA	Harvesting	C	C1	C1c	Lettuce	Cultivated	Lettuce_cultivated	C1_cultivated	1	2	7	15
Bac.1.H.D.L	31	127	AGATATCCCATAGAGA	Harvesting	D	C1	C1c	Lettuce	Cultivated	Lettuce_cultivated	C1_cultivated	1	2	8	16
Bac.1.H.A.M	18	114	CAGATAGTAGCTGCTA	Harvesting	A	C1	C1c	Maize	Cultivated	Maize_cultivated	C1_cultivated	1	2	9	21
Bac.1.H.B.M	22	118	CACTCACGAGCTGCTA	Harvesting	B	C1	C1c	Maize	Cultivated	Maize_cultivated	C1_cultivated	1	1	10	22
Bac.1.H.C.M	26	122	CAGATAGTCATAGAGA	Harvesting	C	C1	C1c	Maize	Cultivated	Maize_cultivated	C1_cultivated	1	1	11	23
Bac.1.H.D.M	32	128	ACGGTGTCCATAGAGA	Harvesting	D	C1	C1c	Maize	Cultivated	Maize_cultivated	C1_cultivated	1	1	12	24
Bac.1.P.A.K	3	99	ACTCGCTAAAGTCGAG	Planting	A	C1	C1uc	Mustard_cabbage	Uncultivated	Kaichoy_uncultivated	C1_uncultivated	1	1	1	1
Bac.1.P.B.K	5	101	CTCGATGAAAGTCGAG	Planting	B	C1	C1uc	Mustard_cabbage	Uncultivated	Kaichoy_uncultivated	C1_uncultivated	1	1	2	2
Bac.1.P.C.K	12	108	ACACGCAGATACTTCG	Planting	C	C1	C1uc	Mustard_cabbage	Uncultivated	Kaichoy_uncultivated	C1_uncultivated	1	1	3	3
Bac.1.P.D.K	13	109	CTCGATGAATACTTCG	Planting	D	C1	C1uc	Mustard_cabbage	Uncultivated	Kaichoy_uncultivated	C1_uncultivated	1	1	4	4
Bac.1.P.A.L	1	97	CGTACGATAAGTCGAG	Planting	A	C1	C1uc	Lettuce	Uncultivated	Lettuce_uncultivated	C1_uncultivated	1	1	5	9
Bac.1.P.B.L	8	104	ACGGTGTCAAGTCGAG	Planting	B	C1	C1uc	Lettuce	Uncultivated	Lettuce_uncultivated	C1_uncultivated	1	1	6	10
Bac.1.P.C.L	9	105	CGTACGATATACTTCG	Planting	C	C1	C1uc	Lettuce	Uncultivated	Lettuce_uncultivated	C1_uncultivated	1	1	7	11
Bac.1.P.D.L	15	111	AGATATCCATACTTCG	Planting	D	C1	C1uc	Lettuce	Uncultivated	Lettuce_uncultivated	C1_uncultivated	1	1	8	12
Bac.1.P.A.M	2	98	CAGATAGTAAGTCGAG	Planting	A	C1	C1uc	Maize	Uncultivated	Maize_uncultivated	C1_uncultivated	1	1	9	17
Bac.1.P.B.M	6	102	CACTCACGAAGTCGAG	Planting	B	C1	C1uc	Maize	Uncultivated	Maize_uncultivated	C1_uncultivated	1	4	10	18
Bac.1.P.C.M	10	106	CAGATAGTATACTTCG	Planting	C	C1	C1uc	Maize	Uncultivated	Maize_uncultivated	C1_uncultivated	1	4	11	19
Bac.1.P.D.M	16	112	ACGGTGTCATACTTCG	Planting	D	C1	C1uc	Maize	Uncultivated	Maize_uncultivated	C1_uncultivated	1	4	12	20
Bac.2.H.A.K	51	147	ACTCGCTAGCGCACGT	Harvesting	A	C2	C2c	Mustard_cabbage	Cultivated	Kaichoy_cultivated	C2_cultivated	2	4	1	5
Bac.2.H.B.K	53	149	CTCGATGAGCGCACGT	Harvesting	B	C2	C2c	Mustard_cabbage	Cultivated	Kaichoy_cultivated	C2_cultivated	2	4	2	6
Bac.2.H.C.K	60	156	ACACGCAGGGTACTAT	Harvesting	C	C2	C2c	Mustard_cabbage	Cultivated	Kaichoy_cultivated	C2_cultivated	2	4	3	7
Bac.2.H.D.K	61	157	CTCGATGAGGTACTAT	Harvesting	D	C2	C2c	Mustard_cabbage	Cultivated	Kaichoy_cultivated	C2_cultivated	2	4	4	8
Bac.2.H.A.L	49	145	CGTACGATGCGCACGT	Harvesting	A	C2	C2c	Lettuce	Cultivated	Lettuce_cultivated	C2_cultivated	2	4	5	13
Bac.2.H.B.L	56	152	ACGGTGTCGCGCACGT	Harvesting	B	C2	C2c	Lettuce	Cultivated	Lettuce_cultivated	C2_cultivated	2	4	6	14
Bac.2.H.C.L	57	153	CGTACGATGGTACTAT	Harvesting	C	C2	C2c	Lettuce	Cultivated	Lettuce_cultivated	C2_cultivated	2	4	7	15
Bac.2.H.D.L	63	159	AGATATCCGGTACTAT	Harvesting	D	C2	C2c	Lettuce	Cultivated	Lettuce_cultivated	C2_cultivated	2	4	8	16
Bac.2.H.A.M	50	146	CAGATAGTGCGCACGT	Harvesting	A	C2	C2c	Maize	Cultivated	Maize_cultivated	C2_cultivated	2	4	9	21
Bac.2.H.B.M	54	150	CACTCACGGCGCACGT	Harvesting	B	C2	C2c	Maize	Cultivated	Maize_cultivated	C2_cultivated	2	3	10	22
Bac.2.H.C.M	58	154	CAGATAGTGGTACTAT	Harvesting	C	C2	C2c	Maize	Cultivated	Maize_cultivated	C2_cultivated	2	3	11	23
Bac.2.H.D.M	64	160	ACGGTGTCGGTACTAT	Harvesting	D	C2	C2c	Maize	Cultivated	Maize_cultivated	C2_cultivated	2	3	12	24
Bac.2.P.A.K	35	131	ACTCGCTACGTAGATC	Planting	A	C2	C2uc	Mustard_cabbage	Uncultivated	Kaichoy_uncultivated	C2_uncultivated	2	3	1	1
Bac.2.P.B.K	37	133	CTCGATGACGTAGATC	Planting	B	C2	C2uc	Mustard_cabbage	Uncultivated	Kaichoy_uncultivated	C2_uncultivated	2	3	2	2
Bac.2.P.C.K	44	140	ACACGCAGCTCGTTAC	Planting	C	C2	C2uc	Mustard_cabbage	Uncultivated	Kaichoy_uncultivated	C2_uncultivated	2	3	3	3
Bac.2.P.D.K	45	141	CTCGATGACTCGTTAC	Planting	D	C2	C2uc	Mustard_cabbage	Uncultivated	Kaichoy_uncultivated	C2_uncultivated	2	3	4	4
Bac.2.P.A.L	33	129	CGTACGATCGTAGATC	Planting	A	C2	C2uc	Lettuce	Uncultivated	Lettuce_uncultivated	C2_uncultivated	2	3	5	9
Bac.2.P.B.L	40	136	ACGGTGTCCGTAGATC	Planting	B	C2	C2uc	Lettuce	Uncultivated	Lettuce_uncultivated	C2_uncultivated	2	3	6	10
Bac.2.P.C.L	41	137	CGTACGATCTCGTTAC	Planting	C	C2	C2uc	Lettuce	Uncultivated	Lettuce_uncultivated	C2_uncultivated	2	3	7	11
Bac.2.P.D.L	47	143	AGATATCCCTCGTTAC	Planting	D	C2	C2uc	Lettuce	Uncultivated	Lettuce_uncultivated	C2_uncultivated	2	3	8	12
Bac.2.P.A.M	34	130	CAGATAGTCGTAGATC	Planting	A	C2	C2uc	Maize	Uncultivated	Maize_uncultivated	C2_uncultivated	2	3	9	17
Bac.2.P.B.M	38	134	CACTCACGCGTAGATC	Planting	B	C2	C2uc	Maize	Uncultivated	Maize_uncultivated	C2_uncultivated	2	6	10	18
Bac.2.P.C.M	42	138	CAGATAGTCTCGTTAC	Planting	C	C2	C2uc	Maize	Uncultivated	Maize_uncultivated	C2_uncultivated	2	6	11	19
Bac.2.P.D.M	48	144	ACGGTGTCCTCGTTAC	Planting	D	C2	C2uc	Maize	Uncultivated	Maize_uncultivated	C2_uncultivated	2	6	12	20
Bac.3.H.A.K	83	179	ACTCGCTATCAGCGTT	Harvesting	A	C3	C3c	Mustard_cabbage	Cultivated	Kaichoy_cultivated	C3_cultivated	3	6	1	5
Bac.3.H.B.K	85	181	CTCGATGATCAGCGTT	Harvesting	B	C3	C3c	Mustard_cabbage	Cultivated	Kaichoy_cultivated	C3_cultivated	3	6	2	6
Bac.3.H.C.K	92	188	ACACGCAGTCGCTACG	Harvesting	C	C3	C3c	Mustard_cabbage	Cultivated	Kaichoy_cultivated	C3_cultivated	3	6	3	7
Bac.3.H.D.K	93	189	CTCGATGATCGCTACG	Harvesting	D	C3	C3c	Mustard_cabbage	Cultivated	Kaichoy_cultivated	C3_cultivated	3	6	4	8
Bac.3.H.A.L	81	177	CGTACGATTCAGCGTT	Harvesting	A	C3	C3c	Lettuce	Cultivated	Lettuce_cultivated	C3_cultivated	3	6	5	13
Bac.3.H.B.L	88	184	ACGGTGTCTCAGCGTT	Harvesting	B	C3	C3c	Lettuce	Cultivated	Lettuce_cultivated	C3_cultivated	3	6	6	14
Bac.3.H.C.L	89	185	CGTACGATTCGCTACG	Harvesting	C	C3	C3c	Lettuce	Cultivated	Lettuce_cultivated	C3_cultivated	3	6	7	15
Bac.3.H.D.L	95	191	AGATATCCTCGCTACG	Harvesting	D	C3	C3c	Lettuce	Cultivated	Lettuce_cultivated	C3_cultivated	3	6	8	16
Bac.3.H.A.M	82	178	CAGATAGTTCAGCGTT	Harvesting	A	C3	C3c	Maize	Cultivated	Maize_cultivated	C3_cultivated	3	6	9	21
Bac.3.H.B.M	86	182	CACTCACGTCAGCGTT	Harvesting	B	C3	C3c	Maize	Cultivated	Maize_cultivated	C3_cultivated	3	6	10	22
Bac.3.H.C.M	90	186	CAGATAGTTCGCTACG	Harvesting	C	C3	C3c	Maize	Cultivated	Maize_cultivated	C3_cultivated	3	6	11	23
Bac.3.H.D.M	96	192	ACGGTGTCTCGCTACG	Harvesting	D	C3	C3c	Maize	Cultivated	Maize_cultivated	C3_cultivated	3	6	12	24
Bac.3.P.A.K	67	163	ACTCGCTAGTATACGC	Planting	A	C3	C3uc	Mustard_cabbage	Uncultivated	Kaichoy_uncultivated	C3_uncultivated	3	5	1	1
Bac.3.P.B.K	69	165	CTCGATGAGTATACGC	Planting	B	C3	C3uc	Mustard_cabbage	Uncultivated	Kaichoy_uncultivated	C3_uncultivated	3	5	2	2
Bac.3.P.C.K	76	172	ACACGCAGTACGAGCA	Planting	C	C3	C3uc	Mustard_cabbage	Uncultivated	Kaichoy_uncultivated	C3_uncultivated	3	5	3	3
Bac.3.P.D.K	77	173	CTCGATGATACGAGCA	Planting	D	C3	C3uc	Mustard_cabbage	Uncultivated	Kaichoy_uncultivated	C3_uncultivated	3	5	4	4
Bac.3.P.A.L	65	161	CGTACGATGTATACGC	Planting	A	C3	C3uc	Lettuce	Uncultivated	Lettuce_uncultivated	C3_uncultivated	3	5	5	9
Bac.3.P.B.L	72	168	ACGGTGTCGTATACGC	Planting	B	C3	C3uc	Lettuce	Uncultivated	Lettuce_uncultivated	C3_uncultivated	3	5	6	10
Bac.3.P.C.L	73	169	CGTACGATTACGAGCA	Planting	C	C3	C3uc	Lettuce	Uncultivated	Lettuce_uncultivated	C3_uncultivated	3	5	7	11
Bac.3.P.D.L	79	175	AGATATCCTACGAGCA	Planting	D	C3	C3uc	Lettuce	Uncultivated	Lettuce_uncultivated	C3_uncultivated	3	5	8	12
Bac.3.P.A.M	66	162	CAGATAGTGTATACGC	Planting	A	C3	C3uc	Maize	Uncultivated	Maize_uncultivated	C3_uncultivated	3	5	9	17
Bac.3.P.B.M	70	166	CACTCACGGTATACGC	Planting	B	C3	C3uc	Maize	Uncultivated	Maize_uncultivated	C3_uncultivated	3	5	10	18
Bac.3.P.C.M	74	170	CAGATAGTTACGAGCA	Planting	C	C3	C3uc	Maize	Uncultivated	Maize_uncultivated	C3_uncultivated	3	5	11	19
Bac.3.P.D.M	80	176	ACGGTGTCTACGAGCA	Planting	D	C3	C3uc	Maize	Uncultivated	Maize_uncultivated	C3_uncultivated	3	5	12	20